modelo,mae_completo,ganancia_completo,p_completo,cobertura_completo,mae_calma,ganancia_calma,p_calma,cobertura_calma,mae_ruptura,ganancia_ruptura,p_ruptura,cobertura_ruptura
Comb. RF/AR(1) suave,1.8585126120521158,17.256680967903005,0.0007533009262834294,1.0,1.4282799805685058,22.073511441584724,0.0006900170905654114,1.0,3.68700129585746,7.882162288589423,0.35092972161034075,1.0
Comb. LSTM/AR(1) suave,1.9104752685038822,14.94323814665881,0.005165394995758588,1.0,1.478172635542763,19.351384505763036,0.002581526444093787,1.0,3.747761458588639,6.364100763610225,0.5179647065233811,1.0
Comb. RF/ingenuo suave,1.9454360974660714,13.386738069292715,0.0015559256231353364,1.0,1.4551705546394509,20.606370516011687,0.0011551547020354838,1.0,4.029064654479208,-0.6641154119206183,0.6212446502169233,1.0
Comb. RF/AR(1) dura,1.951339154615111,13.12392654044956,0.004814631005383618,1.0,1.542948062558088,15.817258395441847,0.0050730032995487655,1.0,3.68700129585746,7.882162288589423,0.35092972161034075,1.0
Comb. RF/AR(1) umbral min,2.078613055180401,7.4575324085824235,0.03644055243859277,1.0,1.7055655305361344,6.944902533711083,0.037413881846572856,1.0,3.6640650349185298,8.455213012833218,0.3170135897400906,1.0
AR(1),2.0799175825831524,7.399453207843076,0.03873647709604897,1.0,1.7071770055630628,6.856980983345218,0.04208723797540768,1.0,3.6640650349185298,8.455213012833218,0.3170135897400906,1.0
Random Forest,2.102891362441597,6.376631633282182,0.39308051494510127,1.0,1.3930277748212518,23.996860256380025,0.0004735073329116268,1.0,5.119811609828061,-27.915869060592335,0.10376023283788538,1.0
Ingenuo,2.2461180356219206,,,1.0,1.8328555629679608,,,1.0,4.002483544401253,,,1.0
LSTM(16) v12,2.4313379791107965,-8.24622484443882,0.4273847241156764,1.0,1.4762168574763672,19.458091117342878,0.005543280276721714,1.0,6.490602746057122,-62.164383040032625,0.018514810553502146,1.0
