brazo,regimen,modelo,familia,mae,rmse,mae_mediano,ganancia_pct,dm_p,n,fallos,cobertura,rankeable,dm_p_holm
A,calma,AR(1),Box-Jenkins,0.9879583032079441,1.585245086016706,0.5186538526837987,13.382049795487816,0.30720733446704934,29,0,1.0,True,1.0
A,calma,"ARIMA(1,1,1)",Box-Jenkins,0.9949045340313469,1.5880909160584262,0.4595228128399338,12.773048106229357,0.31261004450370455,29,0,1.0,True,1.0
A,calma,Comb. RF/AR(1) umbral min,combinacion,1.10902113600089,1.6643786579218522,0.5462421352010751,2.76802449864344,0.8493340532660246,29,0,1.0,True,1.0
A,calma,Ingenuo,referencia,1.140593030515375,1.809963141741353,0.597066610152952,,,29,0,1.0,True,
A,calma,LSTM(16),red neuronal,1.1566478307363839,1.6151150440157895,0.677750066231533,-1.4075835807759063,0.9263736192617859,29,0,1.0,True,1.0
A,calma,Deriva,referencia,1.1579327664628978,1.8281500500286219,0.6490699005322664,-1.5202386375873012,0.17969409620516855,29,0,1.0,True,1.0
A,calma,"ARMA(2,2)",Box-Jenkins,1.1608427601448619,2.082022811022402,0.6098296855464951,-1.7753685221394866,0.9408063699912304,29,0,1.0,True,1.0
A,calma,Comb. RF/AR(1) dura,combinacion,1.1636055662148053,1.6924288933253662,0.6847977827438037,-2.0175939255943076,0.8942206970592858,29,0,1.0,True,1.0
A,calma,Random Forest,aprendizaje,1.1666782087719267,1.7438134885095,0.7725914802160436,-2.2869838372381768,0.9034116485486918,29,0,1.0,True,1.0
A,calma,Comb. RF/AR(1) suave,combinacion,1.188724693766154,1.7054018104850501,0.6847977827438037,-4.219880532588438,0.7810220411151511,29,0,1.0,True,1.0
A,calma,Comb. LSTM/AR(1) suave,combinacion,1.2382674421438375,1.7239951791761623,0.7951004824364092,-8.563476105436884,0.5775695979704133,29,0,1.0,True,1.0
A,calma,Comb. RF/ingenuo suave,combinacion,1.3476120505723876,1.9284879423670362,0.7040673200989722,-18.15012142968042,0.06822752384234154,29,0,1.0,True,0.750502762265757
A,calma,Ridge sobre rezagos,regularizado,2.133238340182384,4.050670612847289,0.8518094030722274,-87.02887735676272,0.033181224526358084,29,0,1.0,True,0.39817469431629704
A,ruptura,LSTM(16),red neuronal,6.006449283946828,8.753047825952045,2.5545762986304688,21.819742838009482,0.04881334682223192,8,0,1.0,True,0.585760161866783
A,ruptura,Comb. RF/AR(1) umbral min,combinacion,6.68414869830155,9.225960763189788,3.289523739629706,12.998771913575457,0.21510034616758159,8,0,1.0,True,1.0
A,ruptura,AR(1),Box-Jenkins,6.6883870582887885,9.22727183603258,3.289523739629706,12.943605198918762,0.21736565593542917,8,0,1.0,True,1.0
A,ruptura,Comb. LSTM/AR(1) suave,combinacion,6.71844639056354,9.22721632562785,3.289523739629706,12.55235136220717,0.2341473903406303,8,0,1.0,True,1.0
A,ruptura,Comb. RF/AR(1) suave,combinacion,6.761914257751235,9.374877251400502,3.289523739629706,11.98657133571136,0.2651133929949978,8,0,1.0,True,1.0
A,ruptura,Comb. RF/AR(1) dura,combinacion,6.761914257751235,9.374877251400502,3.289523739629706,11.98657133571136,0.2651133929949978,8,0,1.0,True,1.0
A,ruptura,Random Forest,aprendizaje,6.834180230811366,9.325373322212082,4.710136476963601,11.045953661139041,0.46364718640957603,8,0,1.0,True,1.0
A,ruptura,Ingenuo,referencia,7.682821088067524,9.36485163941158,5.375657168770437,,,8,0,1.0,True,
A,ruptura,Deriva,referencia,7.812418692731703,9.443742658869885,5.603140087965753,-1.6868491818124332,0.05418111331897057,8,0,1.0,True,0.5959922465086762
A,ruptura,Comb. RF/ingenuo suave,combinacion,7.846873411854215,9.644019249180365,5.375657168770437,-2.135313602987421,0.3074703234226103,8,0,1.0,True,1.0
A,ruptura,Ridge sobre rezagos,regularizado,8.57167928758592,10.259148240876172,6.1504374455262,-11.569424685665464,0.5682470641493728,8,0,1.0,True,1.0
A,ruptura,"ARMA(2,2)",Box-Jenkins,8.642033741348133,10.541167211082001,6.658840030040817,-12.485161925355758,0.4448776334055489,8,0,1.0,True,1.0
A,ruptura,"ARIMA(1,1,1)",Box-Jenkins,9.036127224334267,11.035525342506105,7.287455019940203,-17.61470325488399,0.2843118596456452,8,0,1.0,True,1.0
B,calma,Random Forest,aprendizaje,0.9895332226438399,1.5577447366920232,0.5919708183975549,15.405175168033514,0.2622295668557449,29,0,1.0,True,1.0
B,calma,"ARMA(2,2)",Box-Jenkins,1.0163998480903058,1.7915378708408563,0.6443599614514968,13.108357414509875,0.5507349587655244,29,0,1.0,True,1.0
B,calma,AR(1),Box-Jenkins,1.0244474405227861,1.5875217572858233,0.4961963063678301,12.420371749586156,0.29856652123000627,29,0,1.0,True,1.0
B,calma,Comb. RF/AR(1) umbral min,combinacion,1.0387330658808662,1.6369390500220473,0.4844019075989048,11.199098984682887,0.3957960859203577,29,0,1.0,True,1.0
B,calma,Comb. RF/AR(1) suave,combinacion,1.0653950708837625,1.641856000130465,0.494923909857897,8.919774156292725,0.48004047001948946,29,0,1.0,True,1.0
B,calma,Comb. RF/AR(1) dura,combinacion,1.076956712363138,1.6576372176982013,0.494923909857897,7.931373753621463,0.5531138642705848,29,0,1.0,True,1.0
B,calma,"ARIMA(1,1,1)",Box-Jenkins,1.1081973771331406,1.6729203413230092,0.52096836802933,5.260621015485489,0.6012813025902216,29,0,1.0,True,1.0
B,calma,Ingenuo,referencia,1.1697325747873852,1.8093521073508443,0.6117306586353566,,,29,0,1.0,True,
B,calma,Deriva,referencia,1.1776575235671947,1.8279852744629013,0.6710687088143948,-0.6775009049611036,0.4935400875279717,29,0,1.0,True,1.0
B,calma,Comb. RF/ingenuo suave,combinacion,1.2132886556332414,1.866599977406891,0.494923909857897,-3.7235930489302627,0.6101481566754233,29,0,1.0,True,1.0
B,calma,Comb. LSTM/AR(1) suave,combinacion,1.2448557879417985,1.7434050956053273,0.912544191320892,-6.422255374743924,0.6676223182183862,29,0,1.0,True,1.0
B,calma,LSTM(16),red neuronal,1.2505196436757606,1.751611725970723,0.7756598652308129,-6.906456281518847,0.6274904270602845,29,0,1.0,True,1.0
B,calma,Ridge sobre rezagos,regularizado,2.0744396341977844,4.369061562473286,0.7048960128323101,-77.34306788667847,0.09612011214029638,29,0,1.0,True,1.0
B,ruptura,LSTM(16),red neuronal,6.343275334009856,8.875169770404304,3.3591717588010566,17.6214566891315,0.09378288616712162,8,0,1.0,True,1.0
B,ruptura,Comb. RF/AR(1) dura,combinacion,6.825204486771645,9.329681812078624,3.418785903514099,11.362762324928221,0.3277996625999962,8,0,1.0,True,1.0
B,ruptura,Comb. RF/AR(1) umbral min,combinacion,6.825350758359415,9.329727715156501,3.418785903514099,11.360862732100575,0.32788733273937287,8,0,1.0,True,1.0
B,ruptura,AR(1),Box-Jenkins,6.836957578068212,9.33342792137129,3.418785903514099,11.210127843618578,0.3349311465365741,8,0,1.0,True,1.0
B,ruptura,Comb. LSTM/AR(1) suave,combinacion,6.856953899678189,9.397508797363766,3.418785903514099,10.950440574965171,0.3491611045509853,8,0,1.0,True,1.0
B,ruptura,Comb. RF/AR(1) suave,combinacion,6.942706739833126,9.547080552881086,3.418785903514099,9.836789710898408,0.41101782064335135,8,0,1.0,True,1.0
B,ruptura,Random Forest,aprendizaje,6.944568529267978,9.467485809508013,4.741424587495533,9.812611113325575,0.521799101378058,8,0,1.0,True,1.0
B,ruptura,Ingenuo,referencia,7.700154772186855,9.290697838723037,5.313126428284831,,,8,0,1.0,True,
B,ruptura,Deriva,referencia,7.828175733181654,9.36827116414882,5.505589185344833,-1.6625764647901997,0.05072031312101003,8,0,1.0,True,0.6086437574521204
B,ruptura,Comb. RF/ingenuo suave,combinacion,7.87580981173226,9.604054503296657,5.313126428284831,-2.2811884272751826,0.3377724563106747,8,0,1.0,True,1.0
B,ruptura,Ridge sobre rezagos,regularizado,8.510014113934563,10.77424753711319,6.969489575779168,-10.517442385352304,0.7285576334226066,8,0,1.0,True,1.0
B,ruptura,"ARMA(2,2)",Box-Jenkins,8.934759043500218,11.623130094888237,5.411034939787724,-16.03349942747623,0.5649736386356433,8,0,1.0,True,1.0
B,ruptura,"ARIMA(1,1,1)",Box-Jenkins,9.45111409630804,11.630135789175343,7.6046493897506915,-22.739274416219413,0.2932711742391415,8,0,1.0,True,1.0
C,calma,AR(1),Box-Jenkins,0.9467202781000972,1.5627827875587508,0.4806480621572482,15.398573596961329,0.2759500671704843,29,0,1.0,True,1.0
C,calma,"ARIMA(1,1,1)",Box-Jenkins,0.9728779630508747,1.5640072898938768,0.4734307581789259,13.061053730292649,0.34286014827750355,29,0,1.0,True,1.0
C,calma,Comb. RF/AR(1) umbral min,combinacion,1.029017795577796,1.6292094341180454,0.46832841168583794,8.044249908009803,0.5973006621299299,29,0,1.0,True,1.0
C,calma,Comb. RF/AR(1) dura,combinacion,1.1015169492733843,1.6702323875650038,0.5465644144035293,1.56553390546591,0.9222515935781822,29,0,1.0,True,1.0
C,calma,Ingenuo,referencia,1.119035834679607,1.7694993692755043,0.4828500856473461,,,29,0,1.0,True,
C,calma,"ARMA(2,2)",Box-Jenkins,1.124454204681912,2.025763369707686,0.6735259932492101,-0.484199865132684,0.9853557554180894,29,0,1.0,True,1.0
C,calma,Deriva,referencia,1.1413236912922522,1.787662135233753,0.5957310275770946,-1.991701777720678,0.15907185626352824,29,0,1.0,True,1.0
C,calma,LSTM(16),red neuronal,1.1614625626943924,1.675803980603678,0.7106531485528595,-3.79136455687612,0.8346483140602868,29,0,1.0,True,1.0
C,calma,Random Forest,aprendizaje,1.1713475954095633,1.7951366965674518,0.6563175985523559,-4.674717208223611,0.7945120240440711,29,0,1.0,True,1.0
C,calma,Comb. LSTM/AR(1) suave,combinacion,1.2687999170521147,1.727804984010044,1.0202845968959728,-13.383314254220192,0.41142067237230934,29,0,1.0,True,1.0
C,calma,Comb. RF/AR(1) suave,combinacion,1.2815950828049412,1.8553145498477335,0.7247969398488276,-14.526724085817744,0.4055583465296218,29,0,1.0,True,1.0
C,calma,Comb. RF/ingenuo suave,combinacion,1.4301946242312265,2.046990505988415,0.9021946868454789,-27.805971882992274,0.025852389308556968,29,0,1.0,True,0.31022867170268364
C,calma,Ridge sobre rezagos,regularizado,2.154469726113799,4.058564759820824,0.9437757886651066,-92.52910937661338,0.030621027254566145,29,0,1.0,True,0.3368312998002276
C,ruptura,LSTM(16),red neuronal,6.145390595160649,8.640850675380284,3.2425308736894807,20.97858429939764,0.02721250020922004,8,0,1.0,True,0.3265500025106405
C,ruptura,AR(1),Box-Jenkins,6.803656375216326,9.396749805828192,3.337892631331895,12.514176213079553,0.21854660447156965,8,0,1.0,True,1.0
C,ruptura,Comb. RF/AR(1) umbral min,combinacion,6.809215550240159,9.398366993416255,3.337892631331895,12.442692737178652,0.22159547483697728,8,0,1.0,True,1.0
C,ruptura,Comb. RF/AR(1) suave,combinacion,6.888070157790162,9.545034552952687,3.337892631331895,11.428729079925759,0.2727206984308645,8,0,1.0,True,1.0
C,ruptura,Comb. RF/AR(1) dura,combinacion,6.888070157790162,9.545034552952687,3.337892631331895,11.428729079925759,0.2727206984308645,8,0,1.0,True,1.0
C,ruptura,Comb. LSTM/AR(1) suave,combinacion,6.89120910145376,9.507829225152053,3.337892631331895,11.388366507643166,0.2727770766091557,8,0,1.0,True,1.0
C,ruptura,Random Forest,aprendizaje,7.452591524660965,9.555081515392413,5.241254303682394,4.169747423251446,0.7439714251806059,8,0,1.0,True,1.0
C,ruptura,Ingenuo,referencia,7.776867246272081,9.552170779752581,5.339484683300937,,,8,0,1.0,True,
C,ruptura,Deriva,referencia,7.9092203061285975,9.633293077589027,5.571551331366866,-1.7018814345835853,0.060902969956433795,8,0,1.0,True,0.6699326695207717
C,ruptura,Comb. RF/ingenuo suave,combinacion,7.9258870621054776,9.794906477685817,5.339484683300937,-1.916193386287146,0.28838376651721465,8,0,1.0,True,1.0
C,ruptura,Ridge sobre rezagos,regularizado,9.532104710401228,11.170978753308173,7.50379500503357,-22.56998105465331,0.3326849219807659,8,0,1.0,True,1.0
C,ruptura,"ARIMA(1,1,1)",Box-Jenkins,9.780126226163025,11.736211447984562,7.827792400658776,-25.75920247129364,0.18306077659953965,8,0,1.0,True,1.0
C,ruptura,"ARMA(2,2)",Box-Jenkins,10.26764683107815,12.320784080316928,9.77992063022868,-32.02805841902532,0.22439880633776446,8,0,1.0,True,1.0
