modelo,familia,origen,objetivo,paso,real,pronostico,error
Ingenuo,referencia,1990,1991,1,2.00160759559029,4.28199833053058,2.2803907349402905
Media historica,referencia,1990,1991,1,2.00160759559029,4.687506841924348,2.685899246334058
Media 5 anios,referencia,1990,1991,1,2.00160759559029,4.590655194154438,2.5890475985641483
Deriva,referencia,1990,1991,1,2.00160759559029,4.254163204535391,2.2525556089451015
AR(1),Box-Jenkins,1990,1991,1,2.00160759559029,4.491481630404583,2.489874034814293
AR(2),Box-Jenkins,1990,1991,1,2.00160759559029,4.314169857651928,2.312562262061638
MA(1),Box-Jenkins,1990,1991,1,2.00160759559029,4.612968603478034,2.6113610078877443
MA(2),Box-Jenkins,1990,1991,1,2.00160759559029,4.930137653125036,2.928530057534746
"ARMA(1,1)",Box-Jenkins,1990,1991,1,2.00160759559029,4.43053166349104,2.42892406790075
"ARMA(2,1)",Box-Jenkins,1990,1991,1,2.00160759559029,4.026205485370591,2.024597889780301
"ARIMA(1,1,1)",Box-Jenkins,1990,1991,1,2.00160759559029,3.7717911790748433,1.7701835834845534
"ARIMA(2,1,0)",Box-Jenkins,1990,1991,1,2.00160759559029,3.895165066022835,1.8935574704325453
AR(1)+COVID,Box-Jenkins,1990,1991,1,2.00160759559029,4.491481630404583,2.489874034814293
"ARMA(1,1)+COVID",Box-Jenkins,1990,1991,1,2.00160759559029,4.43053166349104,2.42892406790075
"SARIMAX(1,0,0)+macro",con exogenas,1990,1991,1,2.00160759559029,-5.783020899835036,-7.784628495425326
"SARIMAX(1,0,1)+macro+COVID",con exogenas,1990,1991,1,2.00160759559029,-5.777162305364436,-7.7787699009547255
VAR(2),con exogenas,1990,1991,1,2.00160759559029,4.396495375807291,2.394887780217001
Ridge,regularizado,1990,1991,1,2.00160759559029,3.164694440643851,1.1630868450535612
Lasso,regularizado,1990,1991,1,2.00160759559029,3.955382939037154,1.953775343446864
ElasticNet,regularizado,1990,1991,1,2.00160759559029,3.6537283188121448,1.6521207232218549
Factores PCA + AR,regularizado,1990,1991,1,2.00160759559029,3.277220304896484,1.275612709306194
Random Forest,aprendizaje,1990,1991,1,2.00160759559029,2.88430786442469,0.8827002688343999
Gradient Boosting,aprendizaje,1990,1991,1,2.00160759559029,3.988562169179291,1.986954573589001
MLP,aprendizaje,1990,1991,1,2.00160759559029,2.5855778333877866,0.5839702377974967
LSTM,red neuronal,1990,1991,1,2.00160759559029,4.53321124077603,2.53160364518574
CNN 1D,red neuronal,1990,1991,1,2.00160759559029,4.622766010561384,2.6211584149710943
Ingenuo,referencia,1991,1992,1,4.04492943933556,2.00160759559029,-2.04332184374527
Media historica,referencia,1991,1992,1,4.04492943933556,4.600864930752282,0.5559354914167223
Media 5 anios,referencia,1991,1992,1,4.04492943933556,3.8261614857807635,-0.21876795355479617
Deriva,referencia,1991,1992,1,4.04492943933556,1.8986872826302639,-2.146242156705296
AR(1),Box-Jenkins,1991,1992,1,4.04492943933556,3.387001094153531,-0.6579283451820288
AR(2),Box-Jenkins,1991,1992,1,4.04492943933556,3.5011027272176083,-0.5438267121179514
MA(1),Box-Jenkins,1991,1992,1,4.04492943933556,3.7955923804015006,-0.2493370589340591
MA(2),Box-Jenkins,1991,1992,1,4.04492943933556,5.461083065620057,1.4161536262844976
"ARMA(1,1)",Box-Jenkins,1991,1992,1,4.04492943933556,3.3892827800666523,-0.6556466592689074
"ARMA(2,1)",Box-Jenkins,1991,1992,1,4.04492943933556,3.34113187783952,-0.7037975614960397
"ARIMA(1,1,1)",Box-Jenkins,1991,1992,1,4.04492943933556,2.5911037421162173,-1.4538256972193424
"ARIMA(2,1,0)",Box-Jenkins,1991,1992,1,4.04492943933556,2.901933706456071,-1.1429957328794886
AR(1)+COVID,Box-Jenkins,1991,1992,1,4.04492943933556,3.387001094153531,-0.6579283451820288
"ARMA(1,1)+COVID",Box-Jenkins,1991,1992,1,4.04492943933556,3.3892827800666523,-0.6556466592689074
"SARIMAX(1,0,0)+macro",con exogenas,1991,1992,1,4.04492943933556,1.6398049128235717,-2.405124526511988
"SARIMAX(1,0,1)+macro+COVID",con exogenas,1991,1992,1,4.04492943933556,1.6446934435369736,-2.400235995798586
VAR(2),con exogenas,1991,1992,1,4.04492943933556,0.12873088938798105,-3.9161985499475787
Ridge,regularizado,1991,1992,1,4.04492943933556,3.1778939326619122,-0.8670355066736475
Lasso,regularizado,1991,1992,1,4.04492943933556,3.2238934822097187,-0.821035957125841
ElasticNet,regularizado,1991,1992,1,4.04492943933556,3.095852249108887,-0.9490771902266726
Factores PCA + AR,regularizado,1991,1992,1,4.04492943933556,3.4723776200561014,-0.5725518192794583
Random Forest,aprendizaje,1991,1992,1,4.04492943933556,3.8826076967349024,-0.16232174260065735
Gradient Boosting,aprendizaje,1991,1992,1,4.04492943933556,3.6570495863722616,-0.3878798529632981
MLP,aprendizaje,1991,1992,1,4.04492943933556,2.276832552184161,-1.768096887151399
LSTM,red neuronal,1991,1992,1,4.04492943933556,4.274286730406202,0.2293572910706425
CNN 1D,red neuronal,1991,1992,1,4.04492943933556,4.615971292917242,0.5710418535816819
Ingenuo,referencia,1992,1993,1,5.38540993901029,4.04492943933556,-1.3404804996747304
Media historica,referencia,1992,1993,1,5.38540993901029,4.583491946645509,-0.801917992364781
Media 5 anios,referencia,1992,1993,1,5.38540993901029,3.56136094400523,-1.82404899500506
Deriva,referencia,1992,1993,1,5.38540993901029,4.011242744333769,-1.374167194676521
AR(1),Box-Jenkins,1992,1993,1,5.38540993901029,4.329416180189418,-1.0559937588208719
AR(2),Box-Jenkins,1992,1993,1,5.38540993901029,3.87153925368028,-1.51387068533001
MA(1),Box-Jenkins,1992,1993,1,5.38540993901029,4.589266777786026,-0.796143161224264
MA(2),Box-Jenkins,1992,1993,1,5.38540993901029,2.3458740567072995,-3.0395358823029905
"ARMA(1,1)",Box-Jenkins,1992,1993,1,5.38540993901029,4.187438304451998,-1.197971634558292
"ARMA(2,1)",Box-Jenkins,1992,1993,1,5.38540993901029,3.717726300457368,-1.667683638552922
"ARIMA(1,1,1)",Box-Jenkins,1992,1993,1,5.38540993901029,3.367986301149064,-2.017423637861226
"ARIMA(2,1,0)",Box-Jenkins,1992,1993,1,5.38540993901029,2.899966596651808,-2.485443342358482
AR(1)+COVID,Box-Jenkins,1992,1993,1,5.38540993901029,4.329416180189418,-1.0559937588208719
"ARMA(1,1)+COVID",Box-Jenkins,1992,1993,1,5.38540993901029,4.187438304451998,-1.197971634558292
"SARIMAX(1,0,0)+macro",con exogenas,1992,1993,1,5.38540993901029,2.5431000557610774,-2.8423098832492126
"SARIMAX(1,0,1)+macro+COVID",con exogenas,1992,1993,1,5.38540993901029,2.573595008231069,-2.8118149307792213
VAR(2),con exogenas,1992,1993,1,5.38540993901029,2.3233685022946915,-3.0620414367155986
Ridge,regularizado,1992,1993,1,5.38540993901029,2.399832950131435,-2.9855769888788553
Lasso,regularizado,1992,1993,1,5.38540993901029,3.2461367165619706,-2.1392732224483195
ElasticNet,regularizado,1992,1993,1,5.38540993901029,2.649676196002867,-2.735733743007423
Factores PCA + AR,regularizado,1992,1993,1,5.38540993901029,2.0485058108132113,-3.336904128197079
Random Forest,aprendizaje,1992,1993,1,5.38540993901029,2.1048062309176654,-3.2806037080926247
Gradient Boosting,aprendizaje,1992,1993,1,5.38540993901029,3.37196645373499,-2.0134434852753
MLP,aprendizaje,1992,1993,1,5.38540993901029,-3.6136994034363346,-8.999109342446625
LSTM,red neuronal,1992,1993,1,5.38540993901029,4.430198140088565,-0.9552117989217255
CNN 1D,red neuronal,1992,1993,1,5.38540993901029,4.603770798292711,-0.7816391407175791
Ingenuo,referencia,1993,1994,1,5.81466190724336,5.38540993901029,-0.42925196823306955
Media historica,referencia,1993,1994,1,5.81466190724336,4.607792491868684,-1.2068694153746753
Media 5 anios,referencia,1993,1994,1,5.81466190724336,3.8256082828265363,-1.9890536244168233
Deriva,referencia,1993,1994,1,5.81466190724336,5.394665968842141,-0.41999593840121907
AR(1),Box-Jenkins,1993,1994,1,5.81466190724336,4.930873470695909,-0.8837884365474507
AR(2),Box-Jenkins,1993,1994,1,5.81466190724336,4.7897108804599835,-1.0249510267833761
MA(1),Box-Jenkins,1993,1994,1,5.81466190724336,4.775370463546004,-1.0392914436973557
MA(2),Box-Jenkins,1993,1994,1,5.81466190724336,5.462565461501491,-0.3520964457418687
"ARMA(1,1)",Box-Jenkins,1993,1994,1,5.81466190724336,4.872855601255823,-0.9418063059875363
"ARMA(2,1)",Box-Jenkins,1993,1994,1,5.81466190724336,5.390857236355711,-0.42380467088764906
"ARIMA(1,1,1)",Box-Jenkins,1993,1994,1,5.81466190724336,5.896070160735627,0.08140825349226777
"ARIMA(2,1,0)",Box-Jenkins,1993,1994,1,5.81466190724336,5.263957855941149,-0.550704051302211
AR(1)+COVID,Box-Jenkins,1993,1994,1,5.81466190724336,4.930873470695909,-0.8837884365474507
"ARMA(1,1)+COVID",Box-Jenkins,1993,1994,1,5.81466190724336,4.872855601255823,-0.9418063059875363
"SARIMAX(1,0,0)+macro",con exogenas,1993,1994,1,5.81466190724336,1.0096924430623235,-4.8049694641810365
"SARIMAX(1,0,1)+macro+COVID",con exogenas,1993,1994,1,5.81466190724336,1.0522919033761653,-4.762370003867194
VAR(2),con exogenas,1993,1994,1,5.81466190724336,1.2155662171773258,-4.599095690066034
Ridge,regularizado,1993,1994,1,5.81466190724336,2.623349864864959,-3.1913120423784007
Lasso,regularizado,1993,1994,1,5.81466190724336,3.7161534611727944,-2.098508446070565
ElasticNet,regularizado,1993,1994,1,5.81466190724336,3.208018845894311,-2.6066430613490486
Factores PCA + AR,regularizado,1993,1994,1,5.81466190724336,2.0103272600022497,-3.80433464724111
Random Forest,aprendizaje,1993,1994,1,5.81466190724336,2.96338667379771,-2.8512752334456497
Gradient Boosting,aprendizaje,1993,1994,1,5.81466190724336,4.838495911114447,-0.9761659961289126
MLP,aprendizaje,1993,1994,1,5.81466190724336,0.37099450512216114,-5.443667402121198
LSTM,red neuronal,1993,1994,1,5.81466190724336,4.63446097175389,-1.18020093548947
CNN 1D,red neuronal,1993,1994,1,5.81466190724336,4.622200339834037,-1.1924615674093229
Ingenuo,referencia,1994,1995,1,5.20243759278655,5.81466190724336,0.6122243144568094
Media historica,referencia,1994,1995,1,5.20243759278655,4.64328865114441,-0.5591489416421407
Media 5 anios,referencia,1994,1995,1,5.20243759278655,4.305721442342016,-0.8967161504445347
Deriva,referencia,1994,1995,1,5.20243759278655,5.836645086723732,0.6342074939371818
AR(1),Box-Jenkins,1994,1995,1,5.20243759278655,5.1473883202458275,-0.05504927254072278
AR(2),Box-Jenkins,1994,1995,1,5.20243759278655,5.16028482722426,-0.04215276556229064
MA(1),Box-Jenkins,1994,1995,1,5.20243759278655,4.887513017265592,-0.3149245755209584
MA(2),Box-Jenkins,1994,1995,1,5.20243759278655,6.188373399025963,0.9859358062394126
"ARMA(1,1)",Box-Jenkins,1994,1995,1,5.20243759278655,5.139411018738852,-0.06302657404769807
"ARMA(2,1)",Box-Jenkins,1994,1995,1,5.20243759278655,4.9626602824765245,-0.2397773103100258
"ARIMA(1,1,1)",Box-Jenkins,1994,1995,1,5.20243759278655,5.327784813110297,0.12534722032374646
"ARIMA(2,1,0)",Box-Jenkins,1994,1995,1,5.20243759278655,5.903724750992007,0.7012871582054565
AR(1)+COVID,Box-Jenkins,1994,1995,1,5.20243759278655,5.1473883202458275,-0.05504927254072278
"ARMA(1,1)+COVID",Box-Jenkins,1994,1995,1,5.20243759278655,5.139411018738852,-0.06302657404769807
"SARIMAX(1,0,0)+macro",con exogenas,1994,1995,1,5.20243759278655,5.121238105105162,-0.0811994876813884
"SARIMAX(1,0,1)+macro+COVID",con exogenas,1994,1995,1,5.20243759278655,5.136655705029044,-0.06578188775750604
VAR(2),con exogenas,1994,1995,1,5.20243759278655,5.727693874887677,0.5252562821011271
Ridge,regularizado,1994,1995,1,5.20243759278655,4.423562830272425,-0.7788747625141257
Lasso,regularizado,1994,1995,1,5.20243759278655,4.588853737693007,-0.6135838550935429
ElasticNet,regularizado,1994,1995,1,5.20243759278655,4.345267888080226,-0.8571697047063243
Factores PCA + AR,regularizado,1994,1995,1,5.20243759278655,4.27064460199313,-0.9317929907934204
Random Forest,aprendizaje,1994,1995,1,5.20243759278655,4.413039679143223,-0.7893979136433273
Gradient Boosting,aprendizaje,1994,1995,1,5.20243759278655,6.275276293551022,1.0728387007644713
MLP,aprendizaje,1994,1995,1,5.20243759278655,4.081838985242432,-1.1205986075441183
LSTM,red neuronal,1994,1995,1,5.20243759278655,5.312771375046175,0.11033378225962487
CNN 1D,red neuronal,1994,1995,1,5.20243759278655,5.8143623160152575,0.6119247232287073
Ingenuo,referencia,1995,1996,1,2.05585471287195,5.20243759278655,3.1465828799146003
Media historica,referencia,1995,1996,1,2.05585471287195,4.659264335191328,2.6034096223193783
Media 5 anios,referencia,1995,1996,1,2.05585471287195,4.48980929479321,2.4339545819212596
Deriva,referencia,1995,1996,1,2.05585471287195,5.205767610680535,3.1499128978085853
AR(1),Box-Jenkins,1995,1996,1,2.05585471287195,4.88680573696425,2.8309510240923004
AR(2),Box-Jenkins,1995,1996,1,2.05585471287195,4.983445668519208,2.9275909556472577
MA(1),Box-Jenkins,1995,1996,1,2.05585471287195,4.6977435245985095,2.6418888117265595
MA(2),Box-Jenkins,1995,1996,1,2.05585471287195,4.509700477653365,2.4538457647814154
"ARMA(1,1)",Box-Jenkins,1995,1996,1,2.05585471287195,4.904754320413744,2.848899607541794
"ARMA(2,1)",Box-Jenkins,1995,1996,1,2.05585471287195,5.28965518117559,3.23380046830364
"ARIMA(1,1,1)",Box-Jenkins,1995,1996,1,2.05585471287195,5.6762819739428805,3.6204272610709305
"ARIMA(2,1,0)",Box-Jenkins,1995,1996,1,2.05585471287195,5.458959369050999,3.403104656179049
AR(1)+COVID,Box-Jenkins,1995,1996,1,2.05585471287195,4.88680573696425,2.8309510240923004
"ARMA(1,1)+COVID",Box-Jenkins,1995,1996,1,2.05585471287195,4.904754320413744,2.848899607541794
"SARIMAX(1,0,0)+macro",con exogenas,1995,1996,1,2.05585471287195,4.937060808761713,2.8812060958897634
"SARIMAX(1,0,1)+macro+COVID",con exogenas,1995,1996,1,2.05585471287195,5.050372178149925,2.9945174652779754
VAR(2),con exogenas,1995,1996,1,2.05585471287195,4.782611524722427,2.7267568118504766
Ridge,regularizado,1995,1996,1,2.05585471287195,4.985338014096313,2.929483301224363
Lasso,regularizado,1995,1996,1,2.05585471287195,4.7139840890822775,2.6581293762103275
ElasticNet,regularizado,1995,1996,1,2.05585471287195,4.554970519499149,2.4991158066271995
Factores PCA + AR,regularizado,1995,1996,1,2.05585471287195,4.702421838902317,2.6465671260303667
Random Forest,aprendizaje,1995,1996,1,2.05585471287195,4.717345941293099,2.6614912284211494
Gradient Boosting,aprendizaje,1995,1996,1,2.05585471287195,5.063102560944387,3.0072478480724367
MLP,aprendizaje,1995,1996,1,2.05585471287195,3.8883415738624074,1.8324868609904574
LSTM,red neuronal,1995,1996,1,2.05585471287195,5.003445494243997,2.947590781372047
CNN 1D,red neuronal,1995,1996,1,2.05585471287195,5.31721155101207,3.26135683814012
Ingenuo,referencia,1996,1997,1,3.43029367788374,2.05585471287195,-1.37443896501179
Media historica,referencia,1996,1997,1,3.43029367788374,4.586947401238012,1.156653723354272
Media 5 anios,referencia,1996,1997,1,3.43029367788374,4.500658718249541,1.0703650403658012
Deriva,referencia,1996,1997,1,3.43029367788374,1.969187219399975,-1.461106458483765
AR(1),Box-Jenkins,1996,1997,1,3.43029367788374,3.4957197503436994,0.06542607245995935
AR(2),Box-Jenkins,1996,1997,1,3.43029367788374,3.6263128241080027,0.19601914622426264
MA(1),Box-Jenkins,1996,1997,1,3.43029367788374,3.7675626471919537,0.3372689693082136
MA(2),Box-Jenkins,1996,1997,1,3.43029367788374,3.016033380570306,-0.41426029731343395
"ARMA(1,1)",Box-Jenkins,1996,1997,1,3.43029367788374,3.512307321702845,0.08201364381910503
"ARMA(2,1)",Box-Jenkins,1996,1997,1,3.43029367788374,2.8592348603724633,-0.5710588175112767
"ARIMA(1,1,1)",Box-Jenkins,1996,1997,1,3.43029367788374,1.714166028166503,-1.716127649717237
"ARIMA(2,1,0)",Box-Jenkins,1996,1997,1,3.43029367788374,2.8966049750481675,-0.5336887028355726
AR(1)+COVID,Box-Jenkins,1996,1997,1,3.43029367788374,3.4957197503436994,0.06542607245995935
"ARMA(1,1)+COVID",Box-Jenkins,1996,1997,1,3.43029367788374,3.512307321702845,0.08201364381910503
"SARIMAX(1,0,0)+macro",con exogenas,1996,1997,1,3.43029367788374,5.464462702700378,2.034169024816638
"SARIMAX(1,0,1)+macro+COVID",con exogenas,1996,1997,1,3.43029367788374,5.531927187536741,2.101633509653001
VAR(2),con exogenas,1996,1997,1,3.43029367788374,4.381161885133508,0.9508682072497683
Ridge,regularizado,1996,1997,1,3.43029367788374,4.191148713253046,0.760855035369306
Lasso,regularizado,1996,1997,1,3.43029367788374,3.960947689831733,0.530654011947993
ElasticNet,regularizado,1996,1997,1,3.43029367788374,3.6286722351661576,0.1983785572824175
Factores PCA + AR,regularizado,1996,1997,1,3.43029367788374,2.9596848523363977,-0.4706088255473424
Random Forest,aprendizaje,1996,1997,1,3.43029367788374,3.548307789540593,0.11801411165685272
Gradient Boosting,aprendizaje,1996,1997,1,3.43029367788374,3.0140185131707993,-0.4162751647129408
MLP,aprendizaje,1996,1997,1,3.43029367788374,-0.4530318573079616,-3.8833255351917018
LSTM,red neuronal,1996,1997,1,3.43029367788374,4.5610096426914515,1.1307159648077114
CNN 1D,red neuronal,1996,1997,1,3.43029367788374,4.528459843028733,1.0981661651449928
Ingenuo,referencia,1997,1998,1,0.569784088434517,3.43029367788374,2.860509589449223
Media historica,referencia,1997,1998,1,0.569784088434517,4.555686489796005,3.9859024013614883
Media 5 anios,referencia,1997,1998,1,0.569784088434517,4.377731565959178,3.807947477524661
Deriva,referencia,1997,1998,1,0.569784088434517,3.384212474925203,2.814428386490686
AR(1),Box-Jenkins,1997,1998,1,0.569784088434517,4.060570624997088,3.490786536562571
AR(2),Box-Jenkins,1997,1998,1,0.569784088434517,3.8695625461191994,3.2997784576846825
MA(1),Box-Jenkins,1997,1998,1,0.569784088434517,4.405568891566695,3.835784803132178
MA(2),Box-Jenkins,1997,1998,1,0.569784088434517,3.4558169027258803,2.8860328142913634
"ARMA(1,1)",Box-Jenkins,1997,1998,1,0.569784088434517,4.007155793287605,3.4373717048530885
"ARMA(2,1)",Box-Jenkins,1997,1998,1,0.569784088434517,4.103934019864679,3.5341499314301625
"ARIMA(1,1,1)",Box-Jenkins,1997,1998,1,0.569784088434517,3.749518092640055,3.179734004205538
"ARIMA(2,1,0)",Box-Jenkins,1997,1998,1,0.569784088434517,2.5707713638561316,2.0009872754216147
AR(1)+COVID,Box-Jenkins,1997,1998,1,0.569784088434517,4.060570624997088,3.490786536562571
"ARMA(1,1)+COVID",Box-Jenkins,1997,1998,1,0.569784088434517,4.007155793287605,3.4373717048530885
"SARIMAX(1,0,0)+macro",con exogenas,1997,1998,1,0.569784088434517,4.298910906312125,3.7291268178776082
"SARIMAX(1,0,1)+macro+COVID",con exogenas,1997,1998,1,0.569784088434517,3.847112572915463,3.2773284844809463
VAR(2),con exogenas,1997,1998,1,0.569784088434517,4.0881061583635585,3.5183220699290416
Ridge,regularizado,1997,1998,1,0.569784088434517,4.360346276054333,3.790562187619816
Lasso,regularizado,1997,1998,1,0.569784088434517,4.07730438593516,3.507520297500643
ElasticNet,regularizado,1997,1998,1,0.569784088434517,3.870278070887711,3.3004939824531943
Factores PCA + AR,regularizado,1997,1998,1,0.569784088434517,3.6968996279876216,3.1271155395531047
Random Forest,aprendizaje,1997,1998,1,0.569784088434517,3.7781544804619056,3.2083703920273887
Gradient Boosting,aprendizaje,1997,1998,1,0.569784088434517,3.4697467630532466,2.8999626746187297
MLP,aprendizaje,1997,1998,1,0.569784088434517,2.9703971967735767,2.40061310833906
LSTM,red neuronal,1997,1998,1,0.569784088434517,4.466354196285906,3.896570107851389
CNN 1D,red neuronal,1997,1998,1,0.569784088434517,4.4834659989032355,3.9136819104687186
Ingenuo,referencia,1998,1999,1,-4.20401524244947,0.569784088434517,4.773799330883987
Media historica,referencia,1998,1999,1,-4.20401524244947,4.450794321339124,8.654809563788595
Media 5 anios,referencia,1998,1999,1,-4.20401524244947,3.414606395844024,7.618621638293494
Deriva,referencia,1998,1999,1,-4.20401524244947,0.4476372534086642,4.6516524958581345
AR(1),Box-Jenkins,1998,1999,1,-4.20401524244947,2.6285624351736825,6.832577677623153
AR(2),Box-Jenkins,1998,1999,1,-4.20401524244947,2.700384348013436,6.904399590462907
MA(1),Box-Jenkins,1998,1999,1,-4.20401524244947,3.2954804275617073,7.499495670011178
MA(2),Box-Jenkins,1998,1999,1,-4.20401524244947,3.4434414597837284,7.647456702233199
"ARMA(1,1)",Box-Jenkins,1998,1999,1,-4.20401524244947,2.6145108130099386,6.818526055459409
"ARMA(2,1)",Box-Jenkins,1998,1999,1,-4.20401524244947,1.8391949214751453,6.043210163924615
"ARIMA(1,1,1)",Box-Jenkins,1998,1999,1,-4.20401524244947,1.0699660306468282,5.2739812730962985
"ARIMA(2,1,0)",Box-Jenkins,1998,1999,1,-4.20401524244947,1.734134081357583,5.938149323807053
AR(1)+COVID,Box-Jenkins,1998,1999,1,-4.20401524244947,2.6285624351736825,6.832577677623153
"ARMA(1,1)+COVID",Box-Jenkins,1998,1999,1,-4.20401524244947,2.6145108130099386,6.818526055459409
"SARIMAX(1,0,0)+macro",con exogenas,1998,1999,1,-4.20401524244947,3.4956478697934514,7.699663112242922
"SARIMAX(1,0,1)+macro+COVID",con exogenas,1998,1999,1,-4.20401524244947,-3.428555256630718,0.7754599858187525
VAR(2),con exogenas,1998,1999,1,-4.20401524244947,2.7316049675707745,6.935620210020245
Ridge,regularizado,1998,1999,1,-4.20401524244947,2.6725027821406666,6.876518024590137
Lasso,regularizado,1998,1999,1,-4.20401524244947,3.5048733394398597,7.70888858188933
ElasticNet,regularizado,1998,1999,1,-4.20401524244947,3.011847776196679,7.215863018646149
Factores PCA + AR,regularizado,1998,1999,1,-4.20401524244947,2.243868324790227,6.447883567239698
Random Forest,aprendizaje,1998,1999,1,-4.20401524244947,3.6019026565874013,7.805917899036872
Gradient Boosting,aprendizaje,1998,1999,1,-4.20401524244947,3.4106780517038437,7.614693294153314
MLP,aprendizaje,1998,1999,1,-4.20401524244947,0.15751077456951684,4.361526017018988
LSTM,red neuronal,1998,1999,1,-4.20401524244947,3.1301602822001744,7.334175524649645
CNN 1D,red neuronal,1998,1999,1,-4.20401524244947,6.100629063013935,10.304644305463405
Ingenuo,referencia,1999,2000,1,2.92486148176778,-4.20401524244947,-7.12887672421725
Media historica,referencia,1999,2000,1,2.92486148176778,4.228876127395827,1.304014645628047
Media 5 anios,referencia,1999,2000,1,2.92486148176778,1.4108709659054572,-1.5139905158623226
Deriva,referencia,1999,2000,1,2.92486148176778,-4.4485739852610635,-7.373435467028843
AR(1),Box-Jenkins,1999,2000,1,2.92486148176778,-1.6260698942182725,-4.550931375986052
AR(2),Box-Jenkins,1999,2000,1,2.92486148176778,-1.6833635751587763,-4.608225056926556
MA(1),Box-Jenkins,1999,2000,1,2.92486148176778,1.2487818322969573,-1.6760796494708226
MA(2),Box-Jenkins,1999,2000,1,2.92486148176778,-1.8158176226232396,-4.7406791043910195
"ARMA(1,1)",Box-Jenkins,1999,2000,1,2.92486148176778,-1.661406794132638,-4.586268275900418
"ARMA(2,1)",Box-Jenkins,1999,2000,1,2.92486148176778,-2.5490021173345747,-5.473863599102355
"ARIMA(1,1,1)",Box-Jenkins,1999,2000,1,2.92486148176778,-3.9658031031824166,-6.890664584950196
"ARIMA(2,1,0)",Box-Jenkins,1999,2000,1,2.92486148176778,-3.7657541404670756,-6.690615622234855
AR(1)+COVID,Box-Jenkins,1999,2000,1,2.92486148176778,-1.6260698942182725,-4.550931375986052
"ARMA(1,1)+COVID",Box-Jenkins,1999,2000,1,2.92486148176778,-1.661406794132638,-4.586268275900418
"SARIMAX(1,0,0)+macro",con exogenas,1999,2000,1,2.92486148176778,-7.297437232496807,-10.222298714264587
"SARIMAX(1,0,1)+macro+COVID",con exogenas,1999,2000,1,2.92486148176778,-7.559784178684045,-10.484645660451825
VAR(2),con exogenas,1999,2000,1,2.92486148176778,-6.966048813149655,-9.890910294917434
Ridge,regularizado,1999,2000,1,2.92486148176778,-1.8871471902969068,-4.812008672064687
Lasso,regularizado,1999,2000,1,2.92486148176778,-0.09094675051237555,-3.0158082322801554
ElasticNet,regularizado,1999,2000,1,2.92486148176778,-0.4262378987665567,-3.3510993805343365
Factores PCA + AR,regularizado,1999,2000,1,2.92486148176778,-2.4711494265524925,-5.396010908320273
Random Forest,aprendizaje,1999,2000,1,2.92486148176778,1.2369679446480317,-1.687893537119748
Gradient Boosting,aprendizaje,1999,2000,1,2.92486148176778,-0.827100135421035,-3.751961617188815
MLP,aprendizaje,1999,2000,1,2.92486148176778,-17.964165793310666,-20.889027275078448
LSTM,red neuronal,1999,2000,1,2.92486148176778,1.7582138196501855,-1.1666476621175943
CNN 1D,red neuronal,1999,2000,1,2.92486148176778,4.571607323623777,1.646745841855997
Ingenuo,referencia,2000,2001,1,1.67789830787579,2.92486148176778,1.2469631738919897
Media historica,referencia,2000,2001,1,1.67789830787579,4.196275761255126,2.5183774533793355
Media 5 anios,referencia,2000,2001,1,1.67789830787579,0.9553557437017034,-0.7225425641740867
Deriva,referencia,2000,2001,1,1.67789830787579,2.869365186828721,1.191466878952931
AR(1),Box-Jenkins,2000,2001,1,1.67789830787579,3.553995339134996,1.876097031259206
AR(2),Box-Jenkins,2000,2001,1,1.67789830787579,2.640342662459881,0.962444354584091
MA(1),Box-Jenkins,2000,2001,1,1.67789830787579,4.703385835532988,3.0254875276571975
MA(2),Box-Jenkins,2000,2001,1,1.67789830787579,2.728904928221427,1.0510066203456367
"ARMA(1,1)",Box-Jenkins,2000,2001,1,1.67789830787579,3.2300171794169907,1.5521188715412007
"ARMA(2,1)",Box-Jenkins,2000,2001,1,1.67789830787579,3.2881772331036156,1.6102789252278256
"ARIMA(1,1,1)",Box-Jenkins,2000,2001,1,1.67789830787579,2.8113856723444206,1.1334873644686305
"ARIMA(2,1,0)",Box-Jenkins,2000,2001,1,1.67789830787579,-0.06426780120601361,-1.7421661090818037
AR(1)+COVID,Box-Jenkins,2000,2001,1,1.67789830787579,3.553995339134996,1.876097031259206
"ARMA(1,1)+COVID",Box-Jenkins,2000,2001,1,1.67789830787579,3.2300171794169907,1.5521188715412007
"SARIMAX(1,0,0)+macro",con exogenas,2000,2001,1,1.67789830787579,-5.992309403887574,-7.670207711763364
"SARIMAX(1,0,1)+macro+COVID",con exogenas,2000,2001,1,1.67789830787579,-5.497720739074501,-7.175619046950292
VAR(2),con exogenas,2000,2001,1,1.67789830787579,1.0940108890243891,-0.5838874188514009
Ridge,regularizado,2000,2001,1,1.67789830787579,1.4145220676252874,-0.26337624025050266
Lasso,regularizado,2000,2001,1,1.67789830787579,3.014973352090138,1.3370750442143478
ElasticNet,regularizado,2000,2001,1,1.67789830787579,2.905705845465325,1.227807537589535
Factores PCA + AR,regularizado,2000,2001,1,1.67789830787579,3.1748655371748686,1.4969672292990786
Random Forest,aprendizaje,2000,2001,1,1.67789830787579,2.3669754402587104,0.6890771323829203
Gradient Boosting,aprendizaje,2000,2001,1,1.67789830787579,1.8145749075546886,0.13667659967889856
MLP,aprendizaje,2000,2001,1,1.67789830787579,-5.7258693160137515,-7.403767623889541
LSTM,red neuronal,2000,2001,1,1.67789830787579,3.105150288648967,1.427251980773177
CNN 1D,red neuronal,2000,2001,1,1.67789830787579,4.668621580233479,2.990723272357689
Ingenuo,referencia,2001,2002,1,2.50398046659659,1.67789830787579,-0.8260821587208
Media historica,referencia,2001,2002,1,2.50398046659659,4.1348519209288,1.63087145433221
Media 5 anios,referencia,2001,2002,1,2.50398046659659,0.8797644627024713,-1.624216003894119
Deriva,referencia,2001,2002,1,2.50398046659659,1.592615340962908,-0.9113651256336821
AR(1),Box-Jenkins,2001,2002,1,2.50398046659659,2.8839395360701987,0.3799590694736086
AR(2),Box-Jenkins,2001,2002,1,2.50398046659659,2.8520187545586144,0.3480382879620243
MA(1),Box-Jenkins,2001,2002,1,2.50398046659659,3.0562699622267195,0.5522894956301294
MA(2),Box-Jenkins,2001,2002,1,2.50398046659659,5.070435753675165,2.5664552870785746
"ARMA(1,1)",Box-Jenkins,2001,2002,1,2.50398046659659,2.7280567506260436,0.22407628402945345
"ARMA(2,1)",Box-Jenkins,2001,2002,1,2.50398046659659,2.8698307768751743,0.36585031027858417
"ARIMA(1,1,1)",Box-Jenkins,2001,2002,1,2.50398046659659,2.1173989548658065,-0.3865815117307836
"ARIMA(2,1,0)",Box-Jenkins,2001,2002,1,2.50398046659659,1.6253904036900784,-0.8785900629065118
AR(1)+COVID,Box-Jenkins,2001,2002,1,2.50398046659659,2.8839395360701987,0.3799590694736086
"ARMA(1,1)+COVID",Box-Jenkins,2001,2002,1,2.50398046659659,2.7280567506260436,0.22407628402945345
"SARIMAX(1,0,0)+macro",con exogenas,2001,2002,1,2.50398046659659,2.208635217569143,-0.2953452490274473
"SARIMAX(1,0,1)+macro+COVID",con exogenas,2001,2002,1,2.50398046659659,2.32970902855021,-0.17427143804638012
VAR(2),con exogenas,2001,2002,1,2.50398046659659,5.061552481235594,2.557572014639004
Ridge,regularizado,2001,2002,1,2.50398046659659,1.7806712516195948,-0.7233092149769953
Lasso,regularizado,2001,2002,1,2.50398046659659,2.6499634267921053,0.14598296019551515
ElasticNet,regularizado,2001,2002,1,2.50398046659659,2.405193373639599,-0.09878709295699117
Factores PCA + AR,regularizado,2001,2002,1,2.50398046659659,2.0969114282916035,-0.40706903830498664
Random Forest,aprendizaje,2001,2002,1,2.50398046659659,1.7541632301418946,-0.7498172364546956
Gradient Boosting,aprendizaje,2001,2002,1,2.50398046659659,-0.16492105073804056,-2.6689015173346307
MLP,aprendizaje,2001,2002,1,2.50398046659659,-8.47096397492204,-10.97494444151863
LSTM,red neuronal,2001,2002,1,2.50398046659659,3.3650171321693363,0.8610366655727462
CNN 1D,red neuronal,2001,2002,1,2.50398046659659,4.808244282531618,2.3042638159350277
Ingenuo,referencia,2002,2003,1,3.91827190322513,2.50398046659659,-1.41429143662854
Media historica,referencia,2002,2003,1,3.91827190322513,4.096021648206605,0.1777497449814751
Media 5 anios,referencia,2002,2003,1,3.91827190322513,0.6945018204450413,-3.2237700827800886
Deriva,referencia,2002,2003,1,3.91827190322513,2.4409259173820907,-1.4773459858430393
AR(1),Box-Jenkins,2002,2003,1,3.91827190322513,3.2695899690390515,-0.6486819341860786
AR(2),Box-Jenkins,2002,2003,1,3.91827190322513,2.971590925039111,-0.946680978186019
MA(1),Box-Jenkins,2002,2003,1,3.91827190322513,3.8392022534760324,-0.07906964974909769
MA(2),Box-Jenkins,2002,2003,1,3.91827190322513,2.9323708811723153,-0.9859010220528148
"ARMA(1,1)",Box-Jenkins,2002,2003,1,3.91827190322513,3.069919123160643,-0.848352780064487
"ARMA(2,1)",Box-Jenkins,2002,2003,1,3.91827190322513,2.927395573866317,-0.9908763293588132
"ARIMA(1,1,1)",Box-Jenkins,2002,2003,1,3.91827190322513,2.4835401713927716,-1.4347317318323585
"ARIMA(2,1,0)",Box-Jenkins,2002,2003,1,3.91827190322513,2.2346941342378743,-1.6835777689872558
AR(1)+COVID,Box-Jenkins,2002,2003,1,3.91827190322513,3.2695899690390515,-0.6486819341860786
"ARMA(1,1)+COVID",Box-Jenkins,2002,2003,1,3.91827190322513,3.069919123160643,-0.848352780064487
"SARIMAX(1,0,0)+macro",con exogenas,2002,2003,1,3.91827190322513,2.2078335775685,-1.71043832565663
"SARIMAX(1,0,1)+macro+COVID",con exogenas,2002,2003,1,3.91827190322513,2.177518620106267,-1.7407532831188632
VAR(2),con exogenas,2002,2003,1,3.91827190322513,3.364737880359371,-0.553534022865759
Ridge,regularizado,2002,2003,1,3.91827190322513,2.1560741663352996,-1.7621977368898305
Lasso,regularizado,2002,2003,1,3.91827190322513,2.7271403728854136,-1.1911315303397165
ElasticNet,regularizado,2002,2003,1,3.91827190322513,2.5369583526703803,-1.3813135505547498
Factores PCA + AR,regularizado,2002,2003,1,3.91827190322513,2.1295156619245614,-1.7887562413005687
Random Forest,aprendizaje,2002,2003,1,3.91827190322513,1.4618038918556666,-2.4564680113694637
Gradient Boosting,aprendizaje,2002,2003,1,3.91827190322513,1.9088412106343349,-2.0094306925907954
MLP,aprendizaje,2002,2003,1,3.91827190322513,2.6542581962156166,-1.2640137070095134
LSTM,red neuronal,2002,2003,1,3.91827190322513,3.9524822137239366,0.03421031049880652
CNN 1D,red neuronal,2002,2003,1,3.91827190322513,4.536504669624448,0.6182327663993181
Ingenuo,referencia,2003,2004,1,5.33302206759905,3.91827190322513,-1.4147501643739195
Media historica,referencia,2003,2004,1,5.33302206759905,4.091887933207036,-1.2411341343920137
Media 5 anios,referencia,2003,2004,1,5.33302206759905,1.364199383403164,-3.9688226841958856
Deriva,referencia,2003,2004,1,5.33302206759905,3.890392258435465,-1.4426298091635847
AR(1),Box-Jenkins,2003,2004,1,5.33302206759905,3.9816113909172137,-1.351410676681836
AR(2),Box-Jenkins,2003,2004,1,5.33302206759905,3.7267885254131077,-1.606233542185942
MA(1),Box-Jenkins,2003,2004,1,5.33302206759905,4.049376007896594,-1.2836460597024555
MA(2),Box-Jenkins,2003,2004,1,5.33302206759905,3.808469089368688,-1.5245529782303615
"ARMA(1,1)",Box-Jenkins,2003,2004,1,5.33302206759905,3.811041571278233,-1.5219804963208166
"ARMA(2,1)",Box-Jenkins,2003,2004,1,5.33302206759905,4.08613052985511,-1.2468915377439398
"ARIMA(1,1,1)",Box-Jenkins,2003,2004,1,5.33302206759905,3.251828953734462,-2.081193113864588
"ARIMA(2,1,0)",Box-Jenkins,2003,2004,1,5.33302206759905,3.3251938743255014,-2.0078281932735482
AR(1)+COVID,Box-Jenkins,2003,2004,1,5.33302206759905,3.9816113909172137,-1.351410676681836
"ARMA(1,1)+COVID",Box-Jenkins,2003,2004,1,5.33302206759905,3.811041571278233,-1.5219804963208166
"SARIMAX(1,0,0)+macro",con exogenas,2003,2004,1,5.33302206759905,2.604648852809235,-2.7283732147898148
"SARIMAX(1,0,1)+macro+COVID",con exogenas,2003,2004,1,5.33302206759905,2.4989199149715158,-2.834102152627534
VAR(2),con exogenas,2003,2004,1,5.33302206759905,4.9931002342860324,-0.3399218333130172
Ridge,regularizado,2003,2004,1,5.33302206759905,3.103071525353656,-2.2299505422453936
Lasso,regularizado,2003,2004,1,5.33302206759905,3.152527353066889,-2.1804947145321605
ElasticNet,regularizado,2003,2004,1,5.33302206759905,2.9015426394447266,-2.431479428154323
Factores PCA + AR,regularizado,2003,2004,1,5.33302206759905,2.954861644882177,-2.3781604227168724
Random Forest,aprendizaje,2003,2004,1,5.33302206759905,3.0133481133040085,-2.319673954295041
Gradient Boosting,aprendizaje,2003,2004,1,5.33302206759905,3.610024387322434,-1.7229976802766158
MLP,aprendizaje,2003,2004,1,5.33302206759905,7.03960636257505,1.7065842949760004
LSTM,red neuronal,2003,2004,1,5.33302206759905,4.8733144365743195,-0.4597076310247301
CNN 1D,red neuronal,2003,2004,1,5.33302206759905,4.185835058369844,-1.1471870092292056
Ingenuo,referencia,2004,2005,1,4.82876110773741,5.33302206759905,0.5042609598616394
Media historica,referencia,2004,2005,1,4.82876110773741,4.12009552717049,-0.7086655805669198
Media 5 anios,referencia,2004,2005,1,4.82876110773741,3.271606845412868,-1.5571542623245422
Deriva,referencia,2004,2005,1,4.82876110773741,5.338691953255049,0.5099308455176388
AR(1),Box-Jenkins,2004,2005,1,4.82876110773741,4.700324392554448,-0.1284367151829624
AR(2),Box-Jenkins,2004,2005,1,4.82876110773741,4.5677597545910285,-0.26100135314638173
MA(1),Box-Jenkins,2004,2005,1,4.82876110773741,4.507908707120995,-0.32085240061641507
MA(2),Box-Jenkins,2004,2005,1,4.82876110773741,4.930700659289015,0.10193955155160506
"ARMA(1,1)",Box-Jenkins,2004,2005,1,4.82876110773741,4.608711548232881,-0.2200495595045293
"ARMA(2,1)",Box-Jenkins,2004,2005,1,4.82876110773741,4.607940506829245,-0.2208206009081648
"ARIMA(1,1,1)",Box-Jenkins,2004,2005,1,4.82876110773741,4.148213102554303,-0.6805480051831072
"ARIMA(2,1,0)",Box-Jenkins,2004,2005,1,4.82876110773741,4.75760646576183,-0.07115464197558019
AR(1)+COVID,Box-Jenkins,2004,2005,1,4.82876110773741,4.700324392554448,-0.1284367151829624
"ARMA(1,1)+COVID",Box-Jenkins,2004,2005,1,4.82876110773741,4.608711548232881,-0.2200495595045293
"SARIMAX(1,0,0)+macro",con exogenas,2004,2005,1,4.82876110773741,3.2549079947956954,-1.5738531129417148
"SARIMAX(1,0,1)+macro+COVID",con exogenas,2004,2005,1,4.82876110773741,3.1080129832330927,-1.7207481245043175
VAR(2),con exogenas,2004,2005,1,4.82876110773741,5.230321496458416,0.4015603887210055
Ridge,regularizado,2004,2005,1,4.82876110773741,3.858215013695422,-0.9705460940419881
Lasso,regularizado,2004,2005,1,4.82876110773741,3.607076134811665,-1.221684972925745
ElasticNet,regularizado,2004,2005,1,4.82876110773741,3.374399558687011,-1.4543615490503994
Factores PCA + AR,regularizado,2004,2005,1,4.82876110773741,4.0060740182532255,-0.8226870894841847
Random Forest,aprendizaje,2004,2005,1,4.82876110773741,4.487886868114396,-0.3408742396230142
Gradient Boosting,aprendizaje,2004,2005,1,4.82876110773741,5.2167149714123395,0.38795386367492934
MLP,aprendizaje,2004,2005,1,4.82876110773741,5.337927333445938,0.5091662257085279
LSTM,red neuronal,2004,2005,1,4.82876110773741,5.611309502036984,0.7825483942995737
CNN 1D,red neuronal,2004,2005,1,4.82876110773741,4.368736535544851,-0.4600245721925589
Ingenuo,referencia,2005,2006,1,6.71686869844402,4.82876110773741,-1.8881075907066096
Media historica,referencia,2005,2006,1,6.71686869844402,4.135843651183089,-2.5810250472609306
Media 5 anios,referencia,2005,2006,1,6.71686869844402,3.652386770606794,-3.064481927837226
Deriva,referencia,2005,2006,1,6.71686869844402,4.822841655995282,-1.8940270424487382
AR(1),Box-Jenkins,2005,2006,1,6.71686869844402,4.458883803909946,-2.257984894534074
AR(2),Box-Jenkins,2005,2006,1,6.71686869844402,4.555297295448215,-2.161571402995805
MA(1),Box-Jenkins,2005,2006,1,6.71686869844402,4.183944594231268,-2.5329241042127517
MA(2),Box-Jenkins,2005,2006,1,6.71686869844402,4.476986776096884,-2.239881922347136
"ARMA(1,1)",Box-Jenkins,2005,2006,1,6.71686869844402,4.491565617668851,-2.225303080775169
"ARMA(2,1)",Box-Jenkins,2005,2006,1,6.71686869844402,4.653264036652287,-2.063604661791733
"ARIMA(1,1,1)",Box-Jenkins,2005,2006,1,6.71686869844402,4.05223991068401,-2.6646287877600097
"ARIMA(2,1,0)",Box-Jenkins,2005,2006,1,6.71686869844402,4.962708022165139,-1.7541606762788806
AR(1)+COVID,Box-Jenkins,2005,2006,1,6.71686869844402,4.458883803909946,-2.257984894534074
"ARMA(1,1)+COVID",Box-Jenkins,2005,2006,1,6.71686869844402,4.491565617668851,-2.225303080775169
"SARIMAX(1,0,0)+macro",con exogenas,2005,2006,1,6.71686869844402,3.671295406407874,-3.0455732920361456
"SARIMAX(1,0,1)+macro+COVID",con exogenas,2005,2006,1,6.71686869844402,3.6174766702002548,-3.099392028243765
VAR(2),con exogenas,2005,2006,1,6.71686869844402,5.5215274099827525,-1.1953412884612673
Ridge,regularizado,2005,2006,1,6.71686869844402,4.26068125772305,-2.45618744072097
Lasso,regularizado,2005,2006,1,6.71686869844402,3.9443254539572115,-2.7725432444868083
ElasticNet,regularizado,2005,2006,1,6.71686869844402,3.8460185605979182,-2.8708501378461015
Factores PCA + AR,regularizado,2005,2006,1,6.71686869844402,3.8478645756413856,-2.869004122802634
Random Forest,aprendizaje,2005,2006,1,6.71686869844402,3.987793787978416,-2.7290749104656036
Gradient Boosting,aprendizaje,2005,2006,1,6.71686869844402,3.799101850159145,-2.9177668482848746
MLP,aprendizaje,2005,2006,1,6.71686869844402,11.853809484318896,5.136940785874876
LSTM,red neuronal,2005,2006,1,6.71686869844402,5.061217392588272,-1.6556513058557476
CNN 1D,red neuronal,2005,2006,1,6.71686869844402,4.625880442646344,-2.0909882557976758
Ingenuo,referencia,2006,2007,1,6.73819469090975,6.71686869844402,-0.02132599246573008
Media historica,referencia,2006,2007,1,6.73819469090975,4.191952891340935,-2.546241799568815
Media 5 anios,referencia,2006,2007,1,6.73819469090975,4.66018084872044,-2.0780138421893097
Deriva,referencia,2006,2007,1,6.73819469090975,6.753038736534085,0.0148440456243355
AR(1),Box-Jenkins,2006,2007,1,6.73819469090975,5.447129520564294,-1.2910651703454556
AR(2),Box-Jenkins,2006,2007,1,6.73819469090975,5.338552797005307,-1.3996418939044428
MA(1),Box-Jenkins,2006,2007,1,6.73819469090975,5.028259287622561,-1.7099354032871892
MA(2),Box-Jenkins,2006,2007,1,6.73819469090975,4.983727049268674,-1.7544676416410763
"ARMA(1,1)",Box-Jenkins,2006,2007,1,6.73819469090975,5.400950927020745,-1.3372437638890045
"ARMA(2,1)",Box-Jenkins,2006,2007,1,6.73819469090975,5.414692552129857,-1.3235021387798929
"ARIMA(1,1,1)",Box-Jenkins,2006,2007,1,6.73819469090975,6.02148764767214,-0.7167070432376095
"ARIMA(2,1,0)",Box-Jenkins,2006,2007,1,6.73819469090975,6.0335848688598155,-0.7046098220499344
AR(1)+COVID,Box-Jenkins,2006,2007,1,6.73819469090975,5.447129520564294,-1.2910651703454556
"ARMA(1,1)+COVID",Box-Jenkins,2006,2007,1,6.73819469090975,5.400950927020745,-1.3372437638890045
"SARIMAX(1,0,0)+macro",con exogenas,2006,2007,1,6.73819469090975,5.159052765870687,-1.579141925039063
"SARIMAX(1,0,1)+macro+COVID",con exogenas,2006,2007,1,6.73819469090975,4.913447134822779,-1.8247475560869706
VAR(2),con exogenas,2006,2007,1,6.73819469090975,7.052656508526212,0.3144618176164622
Ridge,regularizado,2006,2007,1,6.73819469090975,5.257340275067094,-1.4808544158426562
Lasso,regularizado,2006,2007,1,6.73819469090975,4.354326754136386,-2.383867936773364
ElasticNet,regularizado,2006,2007,1,6.73819469090975,4.461275874677025,-2.276918816232725
Factores PCA + AR,regularizado,2006,2007,1,6.73819469090975,4.83622690396879,-1.9019677869409595
Random Forest,aprendizaje,2006,2007,1,6.73819469090975,5.51702602734049,-1.2211686635692596
Gradient Boosting,aprendizaje,2006,2007,1,6.73819469090975,8.143647941215537,1.4054532503057873
MLP,aprendizaje,2006,2007,1,6.73819469090975,8.41669023365511,1.6784955427453605
LSTM,red neuronal,2006,2007,1,6.73819469090975,4.83049369307996,-1.9077009978297896
CNN 1D,red neuronal,2006,2007,1,6.73819469090975,4.982634866251677,-1.7555598246580733
Ingenuo,referencia,2007,2008,1,3.28344618616541,6.73819469090975,3.45474850474434
Media historica,referencia,2007,2008,1,3.28344618616541,4.24612824877857,0.96268206261316
Media 5 anios,referencia,2007,2008,1,3.28344618616541,5.507023693583072,2.2235775074176622
Deriva,referencia,2007,2008,1,3.28344618616541,6.774042032355808,3.4905958461903985
AR(1),Box-Jenkins,2007,2008,1,3.28344618616541,5.524895960451602,2.241449774286192
AR(2),Box-Jenkins,2007,2008,1,3.28344618616541,5.6904777456956674,2.4070315595302576
MA(1),Box-Jenkins,2007,2008,1,3.28344618616541,4.803974942532888,1.5205287563674785
MA(2),Box-Jenkins,2007,2008,1,3.28344618616541,5.561478795856474,2.2780326096910644
"ARMA(1,1)",Box-Jenkins,2007,2008,1,3.28344618616541,5.606041446453075,2.322595260287665
"ARMA(2,1)",Box-Jenkins,2007,2008,1,3.28344618616541,5.889709004071201,2.606262817905791
"ARIMA(1,1,1)",Box-Jenkins,2007,2008,1,3.28344618616541,6.644725236389914,3.3612790502245042
"ARIMA(2,1,0)",Box-Jenkins,2007,2008,1,3.28344618616541,6.6847946765826345,3.4013484904172246
AR(1)+COVID,Box-Jenkins,2007,2008,1,3.28344618616541,5.524895960451602,2.241449774286192
"ARMA(1,1)+COVID",Box-Jenkins,2007,2008,1,3.28344618616541,5.606041446453075,2.322595260287665
"SARIMAX(1,0,0)+macro",con exogenas,2007,2008,1,3.28344618616541,6.67819643658014,3.39475025041473
"SARIMAX(1,0,1)+macro+COVID",con exogenas,2007,2008,1,3.28344618616541,6.062454101931656,2.779007915766246
VAR(2),con exogenas,2007,2008,1,3.28344618616541,6.437623958402327,3.154177772236917
Ridge,regularizado,2007,2008,1,3.28344618616541,5.746228001492057,2.4627818153266468
Lasso,regularizado,2007,2008,1,3.28344618616541,4.659886590114823,1.3764404039494131
ElasticNet,regularizado,2007,2008,1,3.28344618616541,4.903422745634254,1.619976559468844
Factores PCA + AR,regularizado,2007,2008,1,3.28344618616541,5.4164566845022115,2.1330104983368017
Random Forest,aprendizaje,2007,2008,1,3.28344618616541,6.061563057064578,2.7781168708991686
Gradient Boosting,aprendizaje,2007,2008,1,3.28344618616541,7.242265773511457,3.9588195873460474
MLP,aprendizaje,2007,2008,1,3.28344618616541,6.563530455918267,3.280084269752857
LSTM,red neuronal,2007,2008,1,3.28344618616541,5.711572447424069,2.428126261258659
CNN 1D,red neuronal,2007,2008,1,3.28344618616541,5.6209888872011495,2.3375427010357397
Ingenuo,referencia,2008,2009,1,1.13964864548062,3.28344618616541,2.1437975406847896
Media historica,referencia,2008,2009,1,1.13964864548062,4.226072372474128,3.086423726993508
Media 5 anios,referencia,2008,2009,1,1.13964864548062,5.380058550171128,4.240409904690508
Deriva,referencia,2008,2009,1,1.13964864548062,3.245025530884013,2.105376885403393
AR(1),Box-Jenkins,2008,2009,1,1.13964864548062,3.7419371333702873,2.602288487889667
AR(2),Box-Jenkins,2008,2009,1,1.13964864548062,4.093761170619142,2.9541125251385214
MA(1),Box-Jenkins,2008,2009,1,1.13964864548062,3.6130388441545085,2.473390198673888
MA(2),Box-Jenkins,2008,2009,1,1.13964864548062,3.7680676759572775,2.6284190304766577
"ARMA(1,1)",Box-Jenkins,2008,2009,1,1.13964864548062,3.922204774659318,2.7825561291786975
"ARMA(2,1)",Box-Jenkins,2008,2009,1,1.13964864548062,3.5536745352676267,2.4140258897870064
"ARIMA(1,1,1)",Box-Jenkins,2008,2009,1,1.13964864548062,3.627339098509553,2.487690453028933
"ARIMA(2,1,0)",Box-Jenkins,2008,2009,1,1.13964864548062,4.5767988277013085,3.4371501822206882
AR(1)+COVID,Box-Jenkins,2008,2009,1,1.13964864548062,3.7419371333702873,2.602288487889667
"ARMA(1,1)+COVID",Box-Jenkins,2008,2009,1,1.13964864548062,3.922204774659318,2.7825561291786975
"SARIMAX(1,0,0)+macro",con exogenas,2008,2009,1,1.13964864548062,4.489008229391088,3.3493595839104673
"SARIMAX(1,0,1)+macro+COVID",con exogenas,2008,2009,1,1.13964864548062,3.596694530197915,2.457045884717295
VAR(2),con exogenas,2008,2009,1,1.13964864548062,5.123175528782895,3.9835268833022743
Ridge,regularizado,2008,2009,1,1.13964864548062,4.472315855973223,3.3326672104926027
Lasso,regularizado,2008,2009,1,1.13964864548062,4.0633226979078865,2.923674052427266
ElasticNet,regularizado,2008,2009,1,1.13964864548062,4.2445223654559845,3.104873719975364
Factores PCA + AR,regularizado,2008,2009,1,1.13964864548062,3.305302052527157,2.1656534070465367
Random Forest,aprendizaje,2008,2009,1,1.13964864548062,4.5374466835837675,3.397798038103147
Gradient Boosting,aprendizaje,2008,2009,1,1.13964864548062,4.9857326348457445,3.846083989365124
MLP,aprendizaje,2008,2009,1,1.13964864548062,1.4587298661595585,0.3190812206789384
LSTM,red neuronal,2008,2009,1,1.13964864548062,4.65622140062253,3.51657275514191
CNN 1D,red neuronal,2008,2009,1,1.13964864548062,3.7379771359991647,2.5983284905185444
Ingenuo,referencia,2009,2010,1,4.49465897070922,1.13964864548062,-3.3550103252285997
Media historica,referencia,2009,2010,1,4.49465897070922,4.163084133147731,-0.3315748375614893
Media 5 anios,referencia,2009,2010,1,4.49465897070922,4.541383865747442,0.046724895038222414
Deriva,referencia,2009,2010,1,4.49465897070922,1.057365971753319,-3.437292998955901
AR(1),Box-Jenkins,2009,2010,1,4.49465897070922,2.6159576098857684,-1.8787013608234515
AR(2),Box-Jenkins,2009,2010,1,4.49465897070922,2.6446848136939485,-1.8499741570152715
MA(1),Box-Jenkins,2009,2010,1,4.49465897070922,3.1741093334973853,-1.3205496372118346
MA(2),Box-Jenkins,2009,2010,1,4.49465897070922,2.5192428026944125,-1.9754161680148075
"ARMA(1,1)",Box-Jenkins,2009,2010,1,4.49465897070922,2.629298711902117,-1.8653602588071028
"ARMA(2,1)",Box-Jenkins,2009,2010,1,4.49465897070922,2.4932040835205616,-2.0014548871886584
"ARIMA(1,1,1)",Box-Jenkins,2009,2010,1,4.49465897070922,2.4766664791922888,-2.017992491516931
"ARIMA(2,1,0)",Box-Jenkins,2009,2010,1,4.49465897070922,1.9454438047237557,-2.5492151659854643
AR(1)+COVID,Box-Jenkins,2009,2010,1,4.49465897070922,2.6159576098857684,-1.8787013608234515
"ARMA(1,1)+COVID",Box-Jenkins,2009,2010,1,4.49465897070922,2.629298711902117,-1.8653602588071028
"SARIMAX(1,0,0)+macro",con exogenas,2009,2010,1,4.49465897070922,1.7906268095479998,-2.70403216116122
"SARIMAX(1,0,1)+macro+COVID",con exogenas,2009,2010,1,4.49465897070922,1.465341843801976,-3.0293171269072436
VAR(2),con exogenas,2009,2010,1,4.49465897070922,3.9235041317964487,-0.5711548389127712
Ridge,regularizado,2009,2010,1,4.49465897070922,2.6230441113706826,-1.8716148593385373
Lasso,regularizado,2009,2010,1,4.49465897070922,3.3944319365090085,-1.1002270342002114
ElasticNet,regularizado,2009,2010,1,4.49465897070922,3.2647397213534366,-1.2299192493557833
Factores PCA + AR,regularizado,2009,2010,1,4.49465897070922,1.7742059020944376,-2.7204530686147823
Random Forest,aprendizaje,2009,2010,1,4.49465897070922,2.947568631203791,-1.547090339505429
Gradient Boosting,aprendizaje,2009,2010,1,4.49465897070922,3.7866070821479703,-0.7080518885612497
MLP,aprendizaje,2009,2010,1,4.49465897070922,3.9789086194273087,-0.5157503512819113
LSTM,red neuronal,2009,2010,1,4.49465897070922,4.677906301310574,0.183247330601354
CNN 1D,red neuronal,2009,2010,1,4.49465897070922,1.7949016189749596,-2.6997573517342603
Ingenuo,referencia,2010,2011,1,6.94789198173555,4.49465897070922,-2.45323301102633
Media historica,referencia,2010,2011,1,6.94789198173555,4.169715629898961,-2.7781763518365894
Media 5 anios,referencia,2010,2011,1,6.94789198173555,4.4745634383418045,-2.4733285433937455
Deriva,referencia,2010,2011,1,6.94789198173555,4.4825251336953045,-2.4653668480402455
AR(1),Box-Jenkins,2010,2011,1,6.94789198173555,4.306843810857797,-2.6410481708777533
AR(2),Box-Jenkins,2010,2011,1,6.94789198173555,4.04463196323489,-2.90326001850066
MA(1),Box-Jenkins,2010,2011,1,6.94789198173555,4.597422946653895,-2.3504690350816553
MA(2),Box-Jenkins,2010,2011,1,6.94789198173555,4.443171345216792,-2.5047206365187584
"ARMA(1,1)",Box-Jenkins,2010,2011,1,6.94789198173555,4.169026646263732,-2.778865335471818
"ARMA(2,1)",Box-Jenkins,2010,2011,1,6.94789198173555,4.160756631036565,-2.7871353506989847
"ARIMA(1,1,1)",Box-Jenkins,2010,2011,1,6.94789198173555,4.138295291243125,-2.809596690492425
"ARIMA(2,1,0)",Box-Jenkins,2010,2011,1,6.94789198173555,3.497332151349048,-3.450559830386502
AR(1)+COVID,Box-Jenkins,2010,2011,1,6.94789198173555,4.306843810857797,-2.6410481708777533
"ARMA(1,1)+COVID",Box-Jenkins,2010,2011,1,6.94789198173555,4.169026646263732,-2.778865335471818
"SARIMAX(1,0,0)+macro",con exogenas,2010,2011,1,6.94789198173555,2.2317157419176494,-4.716176239817901
"SARIMAX(1,0,1)+macro+COVID",con exogenas,2010,2011,1,6.94789198173555,1.8312779457168022,-5.116614036018747
VAR(2),con exogenas,2010,2011,1,6.94789198173555,3.392164754926398,-3.555727226809152
Ridge,regularizado,2010,2011,1,6.94789198173555,3.761844611025022,-3.186047370710528
Lasso,regularizado,2010,2011,1,6.94789198173555,4.011501254307427,-2.9363907274281233
ElasticNet,regularizado,2010,2011,1,6.94789198173555,4.086857270165355,-2.861034711570195
Factores PCA + AR,regularizado,2010,2011,1,6.94789198173555,3.414358978628687,-3.533533003106863
Random Forest,aprendizaje,2010,2011,1,6.94789198173555,3.9913940826831786,-2.9564978990523714
Gradient Boosting,aprendizaje,2010,2011,1,6.94789198173555,4.571711197131046,-2.3761807846045038
MLP,aprendizaje,2010,2011,1,6.94789198173555,7.525382857835903,0.5774908761003532
LSTM,red neuronal,2010,2011,1,6.94789198173555,4.720017153644587,-2.227874828090963
CNN 1D,red neuronal,2010,2011,1,6.94789198173555,3.643138050000209,-3.304753931735341
Ingenuo,referencia,2011,2012,1,3.91263576716115,6.94789198173555,3.0352562145744
Media historica,referencia,2011,2012,1,3.91263576716115,4.2241896760134034,0.3115539088522534
Media 5 anios,referencia,2011,2012,1,3.91263576716115,4.52076809500011,0.6081323278389603
Deriva,referencia,2011,2012,1,3.91263576716115,6.985065481682439,3.0724297145212893
AR(1),Box-Jenkins,2011,2012,1,3.91263576716115,5.523507421493308,1.6108716543321582
AR(2),Box-Jenkins,2011,2012,1,3.91263576716115,5.47629629585478,1.5636605286936303
MA(1),Box-Jenkins,2011,2012,1,3.91263576716115,5.064824512465425,1.1521887453042754
MA(2),Box-Jenkins,2011,2012,1,3.91263576716115,5.7448308040075435,1.8321950368463935
"ARMA(1,1)",Box-Jenkins,2011,2012,1,3.91263576716115,5.493161138377261,1.5805253712161114
"ARMA(2,1)",Box-Jenkins,2011,2012,1,3.91263576716115,5.782801989727236,1.8701662225660862
"ARIMA(1,1,1)",Box-Jenkins,2011,2012,1,3.91263576716115,5.501876999343634,1.5892412321824838
"ARIMA(2,1,0)",Box-Jenkins,2011,2012,1,3.91263576716115,5.824446805075318,1.9118110379141684
AR(1)+COVID,Box-Jenkins,2011,2012,1,3.91263576716115,5.523507421493308,1.6108716543321582
"ARMA(1,1)+COVID",Box-Jenkins,2011,2012,1,3.91263576716115,5.493161138377261,1.5805253712161114
"SARIMAX(1,0,0)+macro",con exogenas,2011,2012,1,3.91263576716115,4.426198937936172,0.5135631707750217
"SARIMAX(1,0,1)+macro+COVID",con exogenas,2011,2012,1,3.91263576716115,4.327678190250948,0.415042423089798
VAR(2),con exogenas,2011,2012,1,3.91263576716115,6.028056993011489,2.1154212258503393
Ridge,regularizado,2011,2012,1,3.91263576716115,5.354632595632142,1.4419968284709923
Lasso,regularizado,2011,2012,1,3.91263576716115,4.57879644908755,0.6661606819263999
ElasticNet,regularizado,2011,2012,1,3.91263576716115,4.745163933808505,0.832528166647355
Factores PCA + AR,regularizado,2011,2012,1,3.91263576716115,5.196481922574386,1.283846155413236
Random Forest,aprendizaje,2011,2012,1,3.91263576716115,5.106623749499981,1.193987982338831
Gradient Boosting,aprendizaje,2011,2012,1,3.91263576716115,5.744264336751264,1.8316285695901136
MLP,aprendizaje,2011,2012,1,3.91263576716115,3.62372928751516,-0.2889064796459899
LSTM,red neuronal,2011,2012,1,3.91263576716115,4.744454167366263,0.8318184002051132
CNN 1D,red neuronal,2011,2012,1,3.91263576716115,4.8609914259840625,0.9483556588229125
Ingenuo,referencia,2012,2013,1,5.13399351995672,3.91263576716115,-1.2213577527955697
Media historica,referencia,2012,2013,1,5.13399351995672,4.218198254689321,-0.9157952652673984
Media 5 anios,referencia,2012,2013,1,5.13399351995672,3.95565631025039,-1.1783372097063296
Deriva,referencia,2012,2013,1,5.13399351995672,3.889565547215465,-1.2444279727412546
AR(1),Box-Jenkins,2012,2013,1,5.13399351995672,4.059256849750037,-1.0747366702066827
AR(2),Box-Jenkins,2012,2013,1,5.13399351995672,4.134494124552861,-0.9994993954038591
MA(1),Box-Jenkins,2012,2013,1,5.13399351995672,3.7276180639487926,-1.4063754560079271
MA(2),Box-Jenkins,2012,2013,1,5.13399351995672,3.867664110242752,-1.266329409713968
"ARMA(1,1)",Box-Jenkins,2012,2013,1,5.13399351995672,4.0793832401693235,-1.0546102797873962
"ARMA(2,1)",Box-Jenkins,2012,2013,1,5.13399351995672,3.95125030737605,-1.1827432125806698
"ARIMA(1,1,1)",Box-Jenkins,2012,2013,1,5.13399351995672,3.9790570643190395,-1.1549364556376802
"ARIMA(2,1,0)",Box-Jenkins,2012,2013,1,5.13399351995672,4.598011441717026,-0.5359820782396936
AR(1)+COVID,Box-Jenkins,2012,2013,1,5.13399351995672,4.059256849750037,-1.0747366702066827
"ARMA(1,1)+COVID",Box-Jenkins,2012,2013,1,5.13399351995672,4.0793832401693235,-1.0546102797873962
"SARIMAX(1,0,0)+macro",con exogenas,2012,2013,1,5.13399351995672,3.6369854721116823,-1.4970080478450374
"SARIMAX(1,0,1)+macro+COVID",con exogenas,2012,2013,1,5.13399351995672,3.4537548178535356,-1.6802387021031842
VAR(2),con exogenas,2012,2013,1,5.13399351995672,4.924001133945296,-0.20999238601142345
Ridge,regularizado,2012,2013,1,5.13399351995672,4.11461343206822,-1.0193800878885
Lasso,regularizado,2012,2013,1,5.13399351995672,4.025713750048223,-1.1082797699084965
ElasticNet,regularizado,2012,2013,1,5.13399351995672,4.208248524770849,-0.9257449951858705
Factores PCA + AR,regularizado,2012,2013,1,5.13399351995672,4.357046734128206,-0.776946785828514
Random Forest,aprendizaje,2012,2013,1,5.13399351995672,4.197345705530425,-0.9366478144262951
Gradient Boosting,aprendizaje,2012,2013,1,5.13399351995672,3.522571723982548,-1.611421795974172
MLP,aprendizaje,2012,2013,1,5.13399351995672,-0.738984665622489,-5.872978185579209
LSTM,red neuronal,2012,2013,1,5.13399351995672,4.79475041962167,-0.33924310033504934
CNN 1D,red neuronal,2012,2013,1,5.13399351995672,4.725845480558338,-0.40814803939838207
Ingenuo,referencia,2013,2014,1,4.49903000110972,5.13399351995672,0.634963518847
Media historica,referencia,2013,2014,1,4.49903000110972,4.235477410637763,-0.26355259047195645
Media 5 anios,referencia,2013,2014,1,4.49903000110972,4.325765777008653,-0.17326422410106712
Deriva,referencia,2013,2014,1,4.49903000110972,5.134854607179136,0.6358246060694164
AR(1),Box-Jenkins,2013,2014,1,4.49903000110972,4.6347836617039135,0.1357536605941938
AR(2),Box-Jenkins,2013,2014,1,4.49903000110972,4.582137694089237,0.08310769297951737
MA(1),Box-Jenkins,2013,2014,1,4.49903000110972,4.702043531464899,0.20301353035517966
MA(2),Box-Jenkins,2013,2014,1,4.49903000110972,4.44723773249989,-0.05179226860982933
"ARMA(1,1)",Box-Jenkins,2013,2014,1,4.49903000110972,4.603755083180898,0.10472508207117848
"ARMA(2,1)",Box-Jenkins,2013,2014,1,4.49903000110972,4.754670362107975,0.25564036099825493
"ARIMA(1,1,1)",Box-Jenkins,2013,2014,1,4.49903000110972,4.587287440506991,0.08825743939727104
"ARIMA(2,1,0)",Box-Jenkins,2013,2014,1,4.49903000110972,5.130260874744296,0.6312308736345766
AR(1)+COVID,Box-Jenkins,2013,2014,1,4.49903000110972,4.6347836617039135,0.1357536605941938
"ARMA(1,1)+COVID",Box-Jenkins,2013,2014,1,4.49903000110972,4.603755083180898,0.10472508207117848
"SARIMAX(1,0,0)+macro",con exogenas,2013,2014,1,4.49903000110972,3.8049141415617695,-0.6941158595479502
"SARIMAX(1,0,1)+macro+COVID",con exogenas,2013,2014,1,4.49903000110972,3.606459448881724,-0.8925705522279959
VAR(2),con exogenas,2013,2014,1,4.49903000110972,4.7247100792445735,0.2256800781348538
Ridge,regularizado,2013,2014,1,4.49903000110972,4.7371033954644455,0.23807339435472574
Lasso,regularizado,2013,2014,1,4.49903000110972,4.23748060422552,-0.26154939688419976
ElasticNet,regularizado,2013,2014,1,4.49903000110972,4.520901837398867,0.02187183628914724
Factores PCA + AR,regularizado,2013,2014,1,4.49903000110972,5.509838439875786,1.010808438766066
Random Forest,aprendizaje,2013,2014,1,4.49903000110972,5.256831754259691,0.7578017531499714
Gradient Boosting,aprendizaje,2013,2014,1,4.49903000110972,5.922641173403353,1.4236111722936329
MLP,aprendizaje,2013,2014,1,4.49903000110972,3.2561086858927464,-1.2429213152169734
LSTM,red neuronal,2013,2014,1,4.49903000110972,4.775331739849518,0.27630173873979835
CNN 1D,red neuronal,2013,2014,1,4.49903000110972,4.628168777239619,0.1291387761298992
Ingenuo,referencia,2014,2015,1,2.95590137527523,4.49903000110972,1.5431286258344898
Media historica,referencia,2014,2015,1,2.95590137527523,4.240358014165022,1.2844566388897918
Media 5 anios,referencia,2014,2015,1,2.95590137527523,4.997642048134471,2.0417406728592415
Deriva,referencia,2014,2015,1,2.95590137527523,4.487894397651581,1.531993022376351
AR(1),Box-Jenkins,2014,2015,1,2.95590137527523,4.343845643592946,1.3879442683177161
AR(2),Box-Jenkins,2014,2015,1,2.95590137527523,4.3644587230282905,1.4085573477530606
MA(1),Box-Jenkins,2014,2015,1,2.95590137527523,4.114115244052998,1.1582138687777683
MA(2),Box-Jenkins,2014,2015,1,2.95590137527523,4.489306610202914,1.533405234927684
"ARMA(1,1)",Box-Jenkins,2014,2015,1,2.95590137527523,4.346502052922657,1.3906006776474267
"ARMA(2,1)",Box-Jenkins,2014,2015,1,2.95590137527523,4.26066492126238,1.3047635459871505
"ARIMA(1,1,1)",Box-Jenkins,2014,2015,1,2.95590137527523,4.305385280743318,1.3494839054680878
"ARIMA(2,1,0)",Box-Jenkins,2014,2015,1,2.95590137527523,4.559417090970214,1.6035157156949844
AR(1)+COVID,Box-Jenkins,2014,2015,1,2.95590137527523,4.343845643592946,1.3879442683177161
"ARMA(1,1)+COVID",Box-Jenkins,2014,2015,1,2.95590137527523,4.346502052922657,1.3906006776474267
"SARIMAX(1,0,0)+macro",con exogenas,2014,2015,1,2.95590137527523,3.868177739694333,0.9122763644191032
"SARIMAX(1,0,1)+macro+COVID",con exogenas,2014,2015,1,2.95590137527523,3.754561801950112,0.798660426674882
VAR(2),con exogenas,2014,2015,1,2.95590137527523,3.4362507507938744,0.48034937551864454
Ridge,regularizado,2014,2015,1,2.95590137527523,4.199125924280111,1.2432245490048808
Lasso,regularizado,2014,2015,1,2.95590137527523,4.148010300784085,1.192108925508855
ElasticNet,regularizado,2014,2015,1,2.95590137527523,4.3865921415079425,1.4306907662327126
Factores PCA + AR,regularizado,2014,2015,1,2.95590137527523,5.129923511617207,2.174022136341977
Random Forest,aprendizaje,2014,2015,1,2.95590137527523,5.2316245511256225,2.2757231758503926
Gradient Boosting,aprendizaje,2014,2015,1,2.95590137527523,4.336654255056987,1.3807528797817574
MLP,aprendizaje,2014,2015,1,2.95590137527523,3.8820001350422255,0.9260987597669956
LSTM,red neuronal,2014,2015,1,2.95590137527523,4.596518929495881,1.640617554220651
CNN 1D,red neuronal,2014,2015,1,2.95590137527523,4.122347781364079,1.1664464060888489
Ingenuo,referencia,2015,2016,1,2.08738250162794,2.95590137527523,0.86851887364729
Media historica,referencia,2015,2016,1,2.08738250162794,4.217004257094299,2.129621755466359
Media 5 anios,referencia,2015,2016,1,2.08738250162794,4.689890529047674,2.6025080274197343
Deriva,referencia,2015,2016,1,2.08738250162794,2.9163955306619735,0.8290130290340336
AR(1),Box-Jenkins,2015,2016,1,2.08738250162794,3.620379362652134,1.532996861024194
AR(2),Box-Jenkins,2015,2016,1,2.08738250162794,3.6429814133775977,1.5555989117496578
MA(1),Box-Jenkins,2015,2016,1,2.08738250162794,3.7318323838734115,1.6444498822454716
MA(2),Box-Jenkins,2015,2016,1,2.08738250162794,3.5591191246026828,1.4717366229747428
"ARMA(1,1)",Box-Jenkins,2015,2016,1,2.08738250162794,3.6256500000624703,1.5382674984345304
"ARMA(2,1)",Box-Jenkins,2015,2016,1,2.08738250162794,3.5797947845298355,1.4924122829018955
"ARIMA(1,1,1)",Box-Jenkins,2015,2016,1,2.08738250162794,3.5619372227644135,1.4745547211364736
"ARIMA(2,1,0)",Box-Jenkins,2015,2016,1,2.08738250162794,3.574725567589301,1.487343065961361
AR(1)+COVID,Box-Jenkins,2015,2016,1,2.08738250162794,3.620379362652134,1.532996861024194
"ARMA(1,1)+COVID",Box-Jenkins,2015,2016,1,2.08738250162794,3.6256500000624703,1.5382674984345304
"SARIMAX(1,0,0)+macro",con exogenas,2015,2016,1,2.08738250162794,3.249736748008726,1.162354246380786
"SARIMAX(1,0,1)+macro+COVID",con exogenas,2015,2016,1,2.08738250162794,3.1286381291007763,1.0412556274728364
VAR(2),con exogenas,2015,2016,1,2.08738250162794,2.6689793038832477,0.5815968022553077
Ridge,regularizado,2015,2016,1,2.08738250162794,3.086214802218044,0.9988323005901041
Lasso,regularizado,2015,2016,1,2.08738250162794,3.7851773659585186,1.6977948643305787
ElasticNet,regularizado,2015,2016,1,2.08738250162794,3.770744885642578,1.6833623840146381
Factores PCA + AR,regularizado,2015,2016,1,2.08738250162794,3.872336708772778,1.784954207144838
Random Forest,aprendizaje,2015,2016,1,2.08738250162794,3.4271643323866403,1.3397818307587004
Gradient Boosting,aprendizaje,2015,2016,1,2.08738250162794,3.1986932445927287,1.1113107429647888
MLP,aprendizaje,2015,2016,1,2.08738250162794,6.719924430963361,4.632541929335421
LSTM,red neuronal,2015,2016,1,2.08738250162794,4.252095600002922,2.164713098374982
CNN 1D,red neuronal,2015,2016,1,2.08738250162794,4.117685578554208,2.030303076926268
Ingenuo,referencia,2016,2017,1,1.35936086788746,2.08738250162794,0.7280216337404799
Media historica,referencia,2016,2017,1,1.35936086788746,4.178975297175255,2.819614429287795
Media 5 anios,referencia,2016,2017,1,1.35936086788746,3.7177886330261516,2.358427765138692
Deriva,referencia,2016,2017,1,1.35936086788746,2.0328036928504285,0.6734428249629685
AR(1),Box-Jenkins,2016,2017,1,1.35936086788746,3.1827641725293865,1.8234033046419265
AR(2),Box-Jenkins,2016,2017,1,1.35936086788746,3.1623809913176997,1.8030201234302397
MA(1),Box-Jenkins,2016,2017,1,1.35936086788746,3.5037452843757233,2.144384416488263
MA(2),Box-Jenkins,2016,2017,1,1.35936086788746,3.2560415389494697,1.8966806710620097
"ARMA(1,1)",Box-Jenkins,2016,2017,1,1.35936086788746,3.168617674963384,1.809256807075924
"ARMA(2,1)",Box-Jenkins,2016,2017,1,1.35936086788746,2.9626465149536854,1.6032856470662253
"ARIMA(1,1,1)",Box-Jenkins,2016,2017,1,1.35936086788746,3.1019200058141077,1.7425591379266476
"ARIMA(2,1,0)",Box-Jenkins,2016,2017,1,1.35936086788746,2.5785686412936206,1.2192077734061606
AR(1)+COVID,Box-Jenkins,2016,2017,1,1.35936086788746,3.1827641725293865,1.8234033046419265
"ARMA(1,1)+COVID",Box-Jenkins,2016,2017,1,1.35936086788746,3.168617674963384,1.809256807075924
"SARIMAX(1,0,0)+macro",con exogenas,2016,2017,1,1.35936086788746,5.9605229149372745,4.601162047049814
"SARIMAX(1,0,1)+macro+COVID",con exogenas,2016,2017,1,1.35936086788746,5.852251820102658,4.492890952215197
VAR(2),con exogenas,2016,2017,1,1.35936086788746,-1.8901665801556362,-3.2495274480430965
Ridge,regularizado,2016,2017,1,1.35936086788746,1.7127610891029414,0.3534002212154814
Lasso,regularizado,2016,2017,1,1.35936086788746,3.625030518554446,2.265669650666986
ElasticNet,regularizado,2016,2017,1,1.35936086788746,2.7549681945828675,1.3956073266954074
Factores PCA + AR,regularizado,2016,2017,1,1.35936086788746,0.3904653308618764,-0.9688955370255836
Random Forest,aprendizaje,2016,2017,1,1.35936086788746,2.3559114087011452,0.9965505408136852
Gradient Boosting,aprendizaje,2016,2017,1,1.35936086788746,0.297654007076691,-1.061706860810769
MLP,aprendizaje,2016,2017,1,1.35936086788746,-16.274754178940444,-17.634115046827905
LSTM,red neuronal,2016,2017,1,1.35936086788746,3.9905360985529863,2.6311752306655265
CNN 1D,red neuronal,2016,2017,1,1.35936086788746,4.051453149510933,2.6920922816234727
Ingenuo,referencia,2017,2018,1,2.56432428277704,1.35936086788746,-1.20496341488958
Media historica,referencia,2017,2018,1,2.56432428277704,4.129508377363189,1.565184094586149
Media 5 anios,referencia,2017,2018,1,2.56432428277704,3.2071336531714136,0.6428093703943736
Deriva,referencia,2017,2018,1,2.56432428277704,1.292756294378467,-1.271567988398573
AR(1),Box-Jenkins,2017,2018,1,2.56432428277704,2.7710950233766223,0.20677074059958223
AR(2),Box-Jenkins,2017,2018,1,2.56432428277704,2.732640727962838,0.1683164451857979
MA(1),Box-Jenkins,2017,2018,1,2.56432428277704,3.2478678575273037,0.6835435747502636
MA(2),Box-Jenkins,2017,2018,1,2.56432428277704,2.9944397347431684,0.4301154519661283
"ARMA(1,1)",Box-Jenkins,2017,2018,1,2.56432428277704,2.7487723069921453,0.1844480242151052
"ARMA(2,1)",Box-Jenkins,2017,2018,1,2.56432428277704,2.6315681781194344,0.06724389534239439
"ARIMA(1,1,1)",Box-Jenkins,2017,2018,1,2.56432428277704,2.657962161979177,0.09363787920213706
"ARIMA(2,1,0)",Box-Jenkins,2017,2018,1,2.56432428277704,1.7026462501138462,-0.8616780326631939
AR(1)+COVID,Box-Jenkins,2017,2018,1,2.56432428277704,2.7710950233766223,0.20677074059958223
"ARMA(1,1)+COVID",Box-Jenkins,2017,2018,1,2.56432428277704,2.7487723069921453,0.1844480242151052
"SARIMAX(1,0,0)+macro",con exogenas,2017,2018,1,2.56432428277704,2.336480185770304,-0.22784409700673613
"SARIMAX(1,0,1)+macro+COVID",con exogenas,2017,2018,1,2.56432428277704,2.2061422050482444,-0.3581820777287956
VAR(2),con exogenas,2017,2018,1,2.56432428277704,-7.034063846689328,-9.598388129466368
Ridge,regularizado,2017,2018,1,2.56432428277704,-0.6860798857903623,-3.2504041685674023
Lasso,regularizado,2017,2018,1,2.56432428277704,2.5359458513547275,-0.028378431422312556
ElasticNet,regularizado,2017,2018,1,2.56432428277704,0.3519982685054659,-2.212326014271574
Factores PCA + AR,regularizado,2017,2018,1,2.56432428277704,-3.1200879913440938,-5.684412274121134
Random Forest,aprendizaje,2017,2018,1,2.56432428277704,2.079855109712509,-0.48446917306453097
Gradient Boosting,aprendizaje,2017,2018,1,2.56432428277704,2.5124261549693303,-0.05189812780770975
MLP,aprendizaje,2017,2018,1,2.56432428277704,-11.494500899853241,-14.058825182630281
LSTM,red neuronal,2017,2018,1,2.56432428277704,3.46679440701872,0.9024701242416802
CNN 1D,red neuronal,2017,2018,1,2.56432428277704,4.008849611682003,1.4445253289049633
Ingenuo,referencia,2018,2019,1,3.18685539245533,2.56432428277704,-0.62253110967829
Media historica,referencia,2018,2019,1,3.18685539245533,4.10252244469791,0.91566705224258
Media 5 anios,referencia,2018,2019,1,3.18685539245533,2.6931998057354782,-0.49365558671985177
Deriva,referencia,2018,2019,1,3.18685539245533,2.520027919590829,-0.666827472864501
AR(1),Box-Jenkins,2018,2019,1,3.18685539245533,3.3370913932272903,0.1502360007719603
AR(2),Box-Jenkins,2018,2019,1,3.18685539245533,3.2470231750321226,0.06016778257679256
MA(1),Box-Jenkins,2018,2019,1,3.18685539245533,3.783564824142422,0.596709431687092
MA(2),Box-Jenkins,2018,2019,1,3.18685539245533,3.5431311541984547,0.3562757617431247
"ARMA(1,1)",Box-Jenkins,2018,2019,1,3.18685539245533,3.2887510919119247,0.10189569945659471
"ARMA(2,1)",Box-Jenkins,2018,2019,1,3.18685539245533,3.1867391550761264,-0.00011623737920363197
"ARIMA(1,1,1)",Box-Jenkins,2018,2019,1,3.18685539245533,3.198320049887971,0.011464657432640912
"ARIMA(2,1,0)",Box-Jenkins,2018,2019,1,3.18685539245533,2.257569440323412,-0.9292859521319179
AR(1)+COVID,Box-Jenkins,2018,2019,1,3.18685539245533,3.3370913932272903,0.1502360007719603
"ARMA(1,1)+COVID",Box-Jenkins,2018,2019,1,3.18685539245533,3.2887510919119247,0.10189569945659471
"SARIMAX(1,0,0)+macro",con exogenas,2018,2019,1,3.18685539245533,3.080052163834094,-0.10680322862123592
"SARIMAX(1,0,1)+macro+COVID",con exogenas,2018,2019,1,3.18685539245533,2.9690956923873477,-0.2177597000679823
VAR(2),con exogenas,2018,2019,1,3.18685539245533,2.5023033975550106,-0.6845519949003194
Ridge,regularizado,2018,2019,1,3.18685539245533,2.3167840728608797,-0.8700713195944503
Lasso,regularizado,2018,2019,1,3.18685539245533,3.542206062688684,0.3553506702333542
ElasticNet,regularizado,2018,2019,1,3.18685539245533,3.3482715567774424,0.16141616432211237
Factores PCA + AR,regularizado,2018,2019,1,3.18685539245533,0.7047473622737854,-2.4821080301815446
Random Forest,aprendizaje,2018,2019,1,3.18685539245533,2.3873745488574802,-0.7994808435978498
Gradient Boosting,aprendizaje,2018,2019,1,3.18685539245533,2.7735869085408225,-0.41326848391450755
MLP,aprendizaje,2018,2019,1,3.18685539245533,3.9285488709193706,0.7416934784640405
LSTM,red neuronal,2018,2019,1,3.18685539245533,3.044080161417242,-0.1427752310380881
CNN 1D,red neuronal,2018,2019,1,3.18685539245533,3.290863473821064,0.10400808136573403
Ingenuo,referencia,2019,2020,1,-7.18591413760859,3.18685539245533,10.37276953006392
Media historica,referencia,2019,2020,1,-7.18591413760859,4.087002664151426,11.272916801760015
Media 5 anios,referencia,2019,2020,1,-7.18591413760859,2.4307648840046,9.61667902161319
Deriva,referencia,2019,2020,1,-7.18591413760859,3.1540560546633345,10.339970192271924
AR(1),Box-Jenkins,2019,2020,1,-7.18591413760859,3.6312213066635515,10.817135444272141
AR(2),Box-Jenkins,2019,2020,1,-7.18591413760859,3.5751588749587246,10.761073012567314
MA(1),Box-Jenkins,2019,2020,1,-7.18591413760859,3.8002444422823847,10.986158579890974
MA(2),Box-Jenkins,2019,2020,1,-7.18591413760859,3.8367437810229137,11.022657918631504
"ARMA(1,1)",Box-Jenkins,2019,2020,1,-7.18591413760859,3.596217938570324,10.782132076178915
"ARMA(2,1)",Box-Jenkins,2019,2020,1,-7.18591413760859,3.6049477021813248,10.790861839789915
"ARIMA(1,1,1)",Box-Jenkins,2019,2020,1,-7.18591413760859,3.482681630005559,10.66859576761415
"ARIMA(2,1,0)",Box-Jenkins,2019,2020,1,-7.18591413760859,2.8309381139326004,10.01685225154119
AR(1)+COVID,Box-Jenkins,2019,2020,1,-7.18591413760859,3.6312213066635515,10.817135444272141
"ARMA(1,1)+COVID",Box-Jenkins,2019,2020,1,-7.18591413760859,3.596217938570324,10.782132076178915
"SARIMAX(1,0,0)+macro",con exogenas,2019,2020,1,-7.18591413760859,3.048312308933112,10.234226446541701
"SARIMAX(1,0,1)+macro+COVID",con exogenas,2019,2020,1,-7.18591413760859,2.936195886330186,10.122110023938776
VAR(2),con exogenas,2019,2020,1,-7.18591413760859,3.2731811836931684,10.459095321301758
Ridge,regularizado,2019,2020,1,-7.18591413760859,2.649237330837607,9.835151468446197
Lasso,regularizado,2019,2020,1,-7.18591413760859,3.617853293849572,10.803767431458162
ElasticNet,regularizado,2019,2020,1,-7.18591413760859,3.4334236602491925,10.619337797857781
Factores PCA + AR,regularizado,2019,2020,1,-7.18591413760859,2.1729679791177823,9.358882116726372
Random Forest,aprendizaje,2019,2020,1,-7.18591413760859,2.4943646458631696,9.68027878347176
Gradient Boosting,aprendizaje,2019,2020,1,-7.18591413760859,2.3740562437314336,9.559970381340023
MLP,aprendizaje,2019,2020,1,-7.18591413760859,0.9914434530062366,8.177357590614827
LSTM,red neuronal,2019,2020,1,-7.18591413760859,3.773255334226618,10.959169471835208
CNN 1D,red neuronal,2019,2020,1,-7.18591413760859,4.405168515661506,11.591082653270096
Ingenuo,referencia,2020,2021,1,10.8011981904878,-7.18591413760859,-17.987112328096387
Media historica,referencia,2020,2021,1,10.8011981904878,3.8991207174554257,-6.9020774730323735
Media 5 anios,referencia,2020,2021,1,10.8011981904878,0.4024017814278363,-10.398796409059964
Deriva,referencia,2020,2021,1,10.8011981904878,-7.393967207472991,-18.19516539796079
AR(1),Box-Jenkins,2020,2021,1,10.8011981904878,-1.951148206152265,-12.752346396640064
AR(2),Box-Jenkins,2020,2021,1,10.8011981904878,-1.4747055364451278,-12.275903726932928
MA(1),Box-Jenkins,2020,2021,1,10.8011981904878,-0.6441537885853621,-11.44535197907316
MA(2),Box-Jenkins,2020,2021,1,10.8011981904878,-1.3423784828511405,-12.14357667333894
"ARMA(1,1)",Box-Jenkins,2020,2021,1,10.8011981904878,-1.5854629841541483,-12.386661174641947
"ARMA(2,1)",Box-Jenkins,2020,2021,1,10.8011981904878,-2.9504551303990834,-13.751653320886883
"ARIMA(1,1,1)",Box-Jenkins,2020,2021,1,10.8011981904878,-2.0903315865374568,-12.891529777025255
"ARIMA(2,1,0)",Box-Jenkins,2020,2021,1,10.8011981904878,-3.4955418630053336,-14.296740053493133
AR(1)+COVID,Box-Jenkins,2020,2021,1,10.8011981904878,3.8440365988717886,-6.9571615916160106
"ARMA(1,1)+COVID",Box-Jenkins,2020,2021,1,10.8011981904878,3.7997599515813745,-7.001438238906425
"SARIMAX(1,0,0)+macro",con exogenas,2020,2021,1,10.8011981904878,-1.8345799155872926,-12.635778106075092
"SARIMAX(1,0,1)+macro+COVID",con exogenas,2020,2021,1,10.8011981904878,3.5860923223834686,-7.215105868104331
VAR(2),con exogenas,2020,2021,1,10.8011981904878,-4.733059496877427,-15.534257687365226
Ridge,regularizado,2020,2021,1,10.8011981904878,-1.8931598866644475,-12.694358077152247
Lasso,regularizado,2020,2021,1,10.8011981904878,1.007963263459719,-9.793234927028081
ElasticNet,regularizado,2020,2021,1,10.8011981904878,-0.05020663830361727,-10.851404828791416
Factores PCA + AR,regularizado,2020,2021,1,10.8011981904878,-2.392911035079777,-13.194109225567576
Random Forest,aprendizaje,2020,2021,1,10.8011981904878,-0.7186102255445616,-11.51980841603236
Gradient Boosting,aprendizaje,2020,2021,1,10.8011981904878,-4.545442968011091,-15.34664115849889
MLP,aprendizaje,2020,2021,1,10.8011981904878,-9.530371739720964,-20.331569930208765
LSTM,red neuronal,2020,2021,1,10.8011981904878,1.9706117972677428,-8.830586393220056
CNN 1D,red neuronal,2020,2021,1,10.8011981904878,2.491860666825171,-8.309337523662627
Ingenuo,referencia,2021,2022,1,7.32827729427979,10.8011981904878,3.4729208962080094
Media historica,referencia,2021,2022,1,7.32827729427979,4.012269528488743,-3.3160077657910465
Media 5 anios,referencia,2021,2022,1,7.32827729427979,2.145164919199808,-5.183112375079982
Deriva,referencia,2021,2022,1,7.32827729427979,10.896397877256078,3.568120582976288
AR(1),Box-Jenkins,2021,2022,1,7.32827729427979,4.991332129600587,-2.3369451646792028
AR(2),Box-Jenkins,2021,2022,1,7.32827729427979,1.1965675219425145,-6.131709772337276
MA(1),Box-Jenkins,2021,2022,1,7.32827729427979,4.890390175872331,-2.437887118407459
MA(2),Box-Jenkins,2021,2022,1,7.32827729427979,0.5503978434860741,-6.777879450793716
"ARMA(1,1)",Box-Jenkins,2021,2022,1,7.32827729427979,4.272184481006959,-3.056092813272831
"ARMA(2,1)",Box-Jenkins,2021,2022,1,7.32827729427979,1.1631437262375781,-6.1651335680422115
"ARIMA(1,1,1)",Box-Jenkins,2021,2022,1,7.32827729427979,3.9524166182206866,-3.3758606760591032
"ARIMA(2,1,0)",Box-Jenkins,2021,2022,1,7.32827729427979,-0.4357206873984527,-7.7639979816782425
AR(1)+COVID,Box-Jenkins,2021,2022,1,7.32827729427979,3.9459750337405675,-3.3823022605392223
"ARMA(1,1)+COVID",Box-Jenkins,2021,2022,1,7.32827729427979,3.9027374432358872,-3.4255398510439026
"SARIMAX(1,0,0)+macro",con exogenas,2021,2022,1,7.32827729427979,7.3551291933844665,0.02685189910467667
"SARIMAX(1,0,1)+macro+COVID",con exogenas,2021,2022,1,7.32827729427979,4.683565747357033,-2.644711546922757
VAR(2),con exogenas,2021,2022,1,7.32827729427979,7.094916541915609,-0.23336075236418097
Ridge,regularizado,2021,2022,1,7.32827729427979,0.45698686949644785,-6.871290424783342
Lasso,regularizado,2021,2022,1,7.32827729427979,3.2502615986646832,-4.078015695615107
ElasticNet,regularizado,2021,2022,1,7.32827729427979,2.4762535377574784,-4.852023756522311
Factores PCA + AR,regularizado,2021,2022,1,7.32827729427979,-0.07513701166620068,-7.40341430594599
Random Forest,aprendizaje,2021,2022,1,7.32827729427979,1.2560036747570615,-6.072273619522728
Gradient Boosting,aprendizaje,2021,2022,1,7.32827729427979,5.432759281905163,-1.8955180123746267
MLP,aprendizaje,2021,2022,1,7.32827729427979,-7.9106323668326315,-15.238909661112421
LSTM,red neuronal,2021,2022,1,7.32827729427979,4.133942497212073,-3.194334797067717
CNN 1D,red neuronal,2021,2022,1,7.32827729427979,4.47651125587533,-2.8517660384044596
Ingenuo,referencia,2022,2023,1,0.841819555752039,7.32827729427979,6.486457738527751
Media historica,referencia,2022,2023,1,0.841819555752039,4.065753524711179,3.22393396895914
Media 5 anios,referencia,2022,2023,1,0.841819555752039,3.3389482044782737,2.4971286487262345
Deriva,referencia,2022,2023,1,0.841819555752039,7.364983200999277,6.523163645247238
AR(1),Box-Jenkins,2022,2023,1,0.841819555752039,4.651438668355124,3.8096191126030847
AR(2),Box-Jenkins,2022,2023,1,0.841819555752039,5.11841635078727,4.276596795035231
MA(1),Box-Jenkins,2022,2023,1,0.841819555752039,4.337462354426127,3.495642798674088
MA(2),Box-Jenkins,2022,2023,1,0.841819555752039,5.279327322173028,4.437507766420989
"ARMA(1,1)",Box-Jenkins,2022,2023,1,0.841819555752039,4.789918335980082,3.948098780228043
"ARMA(2,1)",Box-Jenkins,2022,2023,1,0.841819555752039,5.165894590796327,4.324075035044288
"ARIMA(1,1,1)",Box-Jenkins,2022,2023,1,0.841819555752039,4.316029451862121,3.4742098961100822
"ARIMA(2,1,0)",Box-Jenkins,2022,2023,1,0.841819555752039,2.6269317674252353,1.7851122116731961
AR(1)+COVID,Box-Jenkins,2022,2023,1,0.841819555752039,5.729261287786598,4.887441732034559
"ARMA(1,1)+COVID",Box-Jenkins,2022,2023,1,0.841819555752039,5.704863878605038,4.863044322852999
"SARIMAX(1,0,0)+macro",con exogenas,2022,2023,1,0.841819555752039,0.7446122533299653,-0.09720730242207376
"SARIMAX(1,0,1)+macro+COVID",con exogenas,2022,2023,1,0.841819555752039,2.9897614802351526,2.1479419244831135
VAR(2),con exogenas,2022,2023,1,0.841819555752039,2.855601839412543,2.013782283660504
Ridge,regularizado,2022,2023,1,0.841819555752039,3.006272684640786,2.1644531288887467
Lasso,regularizado,2022,2023,1,0.841819555752039,3.7913479336938036,2.9495283779417645
ElasticNet,regularizado,2022,2023,1,0.841819555752039,3.3641003202648765,2.5222807645128373
Factores PCA + AR,regularizado,2022,2023,1,0.841819555752039,1.4945096213678095,0.6526900656157705
Random Forest,aprendizaje,2022,2023,1,0.841819555752039,2.7893609856984924,1.9475414299464533
Gradient Boosting,aprendizaje,2022,2023,1,0.841819555752039,6.7505229526365955,5.908703396884556
MLP,aprendizaje,2022,2023,1,0.841819555752039,-31.985768142916804,-32.82758769866884
LSTM,red neuronal,2022,2023,1,0.841819555752039,4.221875484229022,3.380055928476983
CNN 1D,red neuronal,2022,2023,1,0.841819555752039,4.5623003365009716,3.7204807807489324
Ingenuo,referencia,2023,2024,1,1.49330728771066,0.841819555752039,-0.6514877319586209
Media historica,referencia,2023,2024,1,1.49330728771066,4.014579969648336,2.5212726819376763
Media 5 anios,referencia,2023,2024,1,1.49330728771066,2.9944472590732736,1.5011399713626137
Deriva,referencia,2023,2024,1,1.49330728771066,0.7733131456126998,-0.7199941420979601
AR(1),Box-Jenkins,2023,2024,1,1.49330728771066,3.5032192921066403,2.0099120043959804
AR(2),Box-Jenkins,2023,2024,1,1.49330728771066,3.540173346847369,2.046866059136709
MA(1),Box-Jenkins,2023,2024,1,1.49330728771066,3.4220275002297553,1.9287202125190954
MA(2),Box-Jenkins,2023,2024,1,1.49330728771066,3.4079598611411326,1.9146525734304727
"ARMA(1,1)",Box-Jenkins,2023,2024,1,1.49330728771066,3.617174475616417,2.123867187905757
"ARMA(2,1)",Box-Jenkins,2023,2024,1,1.49330728771066,3.6210441976120356,2.1277369099013757
"ARIMA(1,1,1)",Box-Jenkins,2023,2024,1,1.49330728771066,3.2051468012655633,1.7118395135549034
"ARIMA(2,1,0)",Box-Jenkins,2023,2024,1,1.49330728771066,6.5235586132708105,5.030251325560151
AR(1)+COVID,Box-Jenkins,2023,2024,1,1.49330728771066,2.6598034432951425,1.1664961555844826
"ARMA(1,1)+COVID",Box-Jenkins,2023,2024,1,1.49330728771066,2.718081370674475,1.224774082963815
"SARIMAX(1,0,0)+macro",con exogenas,2023,2024,1,1.49330728771066,1.5109982718822115,0.01769098417155157
"SARIMAX(1,0,1)+macro+COVID",con exogenas,2023,2024,1,1.49330728771066,2.0746845806086376,0.5813772928979777
VAR(2),con exogenas,2023,2024,1,1.49330728771066,2.2013502191238103,0.7080429314131504
Ridge,regularizado,2023,2024,1,1.49330728771066,2.8093497354529644,1.3160424477423045
Lasso,regularizado,2023,2024,1,1.49330728771066,3.607253907641965,2.1139466199313053
ElasticNet,regularizado,2023,2024,1,1.49330728771066,3.2239836722787585,1.7306763845680986
Factores PCA + AR,regularizado,2023,2024,1,1.49330728771066,1.4764746689666315,-0.016832618744028416
Random Forest,aprendizaje,2023,2024,1,1.49330728771066,0.7532104687722115,-0.7400968189384484
Gradient Boosting,aprendizaje,2023,2024,1,1.49330728771066,-4.757640175369491,-6.25094746308015
MLP,aprendizaje,2023,2024,1,1.49330728771066,3.117067884331534,1.623760596620874
LSTM,red neuronal,2023,2024,1,1.49330728771066,4.1050999965939265,2.6117927088832666
CNN 1D,red neuronal,2023,2024,1,1.49330728771066,4.45262865365352,2.9593213659428597
